Atom type,Coordinate-X,Coordinate-Y,Coordinate-Z,Mulliken charges,NPA charges,NMR Shielding
6,5.85131,0.92139,2.43877,-0.417834,-0.59073,159.1519000000
6,4.54559,1.72781,2.32786,-0.234109,-0.22933,147.5596000000
6,3.86299,1.86562,3.69984,-0.415865,-0.59057,157.7729000000
6,3.60353,1.14905,1.28283,0.109114,0.00479,11.7223000000
6,3.24845,1.88094,0.15716,-0.189081,-0.21668,34.3470000000
6,2.37581,1.40417,-0.83306,0.113344,0.01916,12.0059000000
6,1.78486,0.12856,-0.64807,0.059964,-0.06890,23.6952000000
6,2.18347,-0.65753,0.46289,0.136402,0.03628,11.1825000000
6,3.07473,-0.13454,1.39858,-0.262419,-0.22948,44.3720000000
6,1.74549,-2.11192,0.61723,-0.272666,-0.24804,150.9451000000
6,2.81736,-3.05742,0.03968,-0.402080,-0.58743,157.3299500000
6,1.40303,-2.50235,2.06351,-0.462562,-0.60040,162.1214000000
6,0.79817,-0.42444,-1.65012,0.160323,-0.01493,6.2781000000
6,1.31641,-0.91297,-2.85976,-0.280584,-0.21777,29.3276000000
6,0.49725,-1.35,-3.89457,-0.107589,-0.20144,37.7295000000
6,-0.88462,-1.30211,-3.73865,-0.155836,-0.21872,36.3729000000
6,-1.41626,-0.87685,-2.52601,-0.182772,-0.21118,29.1280000000
6,-0.60828,-0.46265,-1.45529,-0.221658,-0.30451,17.0652000000
15,-1.3708,-0.15115,0.23367,0.185792,0.79889,283.9985000000
6,-2.5379,-1.65497,0.34335,-0.193569,-0.46909,139.1145000000
6,-1.83855,-3.0146,0.1936,-0.398631,-0.41579,161.0425000000
6,-2.87226,-4.15758,0.06945,-0.275523,-0.39353,162.4642000000
6,-4.13122,-3.91605,0.93488,-0.278903,-0.40104,165.5849000000
6,-3.79744,-3.02639,2.13541,-0.261110,-0.39606,162.9146000000
6,-3.33304,-1.62388,1.68019,-0.375138,-0.40778,155.5046000000
6,-2.70172,1.18731,-0.05941,-0.184080,-0.47297,142.8317000000
6,-3.105,1.82418,1.30356,-0.334237,-0.40769,153.1723000000
6,-3.70788,3.24091,1.15461,-0.265206,-0.39774,166.4198000000
6,-4.47074,3.38423,-0.16467,-0.280377,-0.40069,165.5849000000
6,-3.51321,3.2107,-1.36496,-0.263626,-0.39413,163.0372000000
6,-2.30608,2.30054,-1.03707,-0.425277,-0.41038,157.3299500000
6,2.27642,2.33047,-2.0606,-0.203653,-0.22817,140.2083000000
6,3.35078,1.97558,-3.11059,-0.412008,-0.59027,154.8234000000
6,0.91321,2.539,-2.72897,-0.442433,-0.60108,163.9726000000
1,5.6647,-0.09703,2.79221,0.138342,0.19972,30.5818625000
1,6.54094,1.39345,3.14538,0.142622,0.20488,30.5818625000
1,6.35601,0.84844,1.47197,0.149517,0.21066,30.5818625000
1,4.8133,2.73738,1.99302,0.123483,0.19790,29.1314000000
1,2.95202,2.46538,3.63059,0.151560,0.21222,30.5818625000
1,4.53169,2.34658,4.42054,0.141235,0.20408,30.5818625000
1,3.58499,0.88923,4.10746,0.140203,0.20072,30.5818625000
1,3.67846,2.87135,0.0277,0.141112,0.19972,24.2290000000
1,3.36346,-0.74919,2.24398,0.186521,0.20367,23.9170000000
1,0.84332,-2.25723,0.02349,0.118192,0.21804,29.3771000000
1,3.02184,-2.83569,-1.01063,0.141893,0.20890,31.1183000000
1,3.76,-2.96595,0.58779,0.146181,0.20159,31.3055500000
1,2.491,-4.10047,0.10468,0.143487,0.20387,31.1978000000
1,0.67451,-1.81349,2.49709,0.176152,0.22071,30.5818625000
1,2.28453,-2.51299,2.71064,0.145876,0.19788,30.5818625000
1,0.97961,-3.51068,2.09286,0.153694,0.20548,30.9547666667
1,2.39283,-0.94016,-2.98545,0.197104,0.21700,23.7036000000
1,0.93638,-1.71594,-4.81743,0.145425,0.21646,23.7883000000
1,-1.54328,-1.61436,-4.54325,0.143182,0.21590,23.6112000000
1,-2.49517,-0.88117,-2.4072,0.167750,0.20770,23.4666000000
1,-3.25646,-1.56499,-0.48047,0.167091,0.19502,30.1327000000
1,-1.18383,-3.0301,-0.67978,0.190823,0.21756,31.3055500000
1,-1.19921,-3.18566,1.06432,0.172126,0.19925,30.8377000000
1,-2.39378,-5.09954,0.35891,0.142482,0.20295,30.5818625000
1,-3.16369,-4.27637,-0.97968,0.141848,0.20079,30.5818625000
1,-4.55708,-4.86914,1.26322,0.144617,0.20926,30.5818625000
1,-4.91062,-3.42786,0.3377,0.142252,0.19232,30.5818625000
1,-4.66025,-2.92906,2.80184,0.144575,0.20992,30.5818625000
1,-3.01075,-3.50595,2.72926,0.149764,0.19458,30.5818625000
1,-4.20871,-0.9794,1.56112,0.154636,0.19858,30.1884000000
1,-2.72595,-1.17358,2.47293,0.169415,0.21021,30.5818625000
1,-3.57477,0.67383,-0.48164,0.169538,0.19877,30.2967000000
1,-3.82544,1.17629,1.80871,0.150861,0.20376,30.1884000000
1,-2.23047,1.87239,1.95998,0.164344,0.21324,30.5818625000
1,-4.35932,3.45499,2.00775,0.144141,0.20986,30.5818625000
1,-2.91081,3.99291,1.18912,0.148576,0.19419,30.5818625000
1,-4.97791,4.35246,-0.21906,0.144408,0.20906,30.5818625000
1,-5.26261,2.6267,-0.20221,0.141339,0.19194,30.5818625000
1,-3.14065,4.18807,-1.69056,0.142472,0.20318,30.5818625000
1,-4.06282,2.79729,-2.21756,0.139195,0.20022,30.5818625000
1,-1.90215,1.88676,-1.96103,0.180204,0.22051,30.5818625000
1,-1.50321,2.89531,-0.58808,0.187199,0.19521,30.9547666667
1,2.55863,3.31693,-1.67525,0.129224,0.19912,28.9323000000
1,4.33809,1.87434,-2.65312,0.151471,0.20943,30.8377000000
1,3.41055,2.76195,-3.8701,0.143651,0.20397,30.9547666667
1,3.12104,1.0412,-3.626,0.133594,0.20061,30.5818625000
1,0.54702,1.6546,-3.24894,0.156939,0.20973,32.5989000000
1,0.99872,3.34146,-3.46912,0.151891,0.20563,31.4672000000
1,0.1614,2.84332,-2.00287,0.141681,0.21144,31.0674000000
6,1.05773,-0.08151,0.18434,-0.294123,-0.43152,155.8810500000
6,-0.05133,-1.04474,-0.25551,-0.294133,-0.43153,155.8810500000
6,-1.3065,-0.28363,0.17816,-0.051427,-0.07391,113.7590000000
8,-0.99131,1.10938,0.07021,-0.326108,-0.50958,289.4561000000
6,0.41901,1.27681,-0.11534,-0.051434,-0.07391,113.7590000000
1,1.24853,-0.18726,1.2567,0.142089,0.20166,30.1464750000
1,2.00107,-0.23289,-0.34431,0.137964,0.21631,30.1464750000
1,-0.03545,-1.17027,-1.34249,0.142090,0.20166,30.1464750000
1,0.02435,-2.03373,0.20103,0.137965,0.21631,30.1464750000
1,-1.5681,-0.51598,1.21917,0.112084,0.16102,28.3646500000
1,-2.17755,-0.49336,-0.44813,0.116472,0.18124,28.0190000000
1,0.61389,1.58371,-1.15165,0.112084,0.16101,28.3646500000
1,0.76557,2.07356,0.54802,0.116477,0.18125,28.0190000000
6,1.00578,0.37432,0.09268,-0.293516,-0.43143,155.8777000000
6,0.23426,-0.83182,0.64157,-0.294780,-0.43162,155.8777000000
6,-0.95568,-0.89686,-0.31926,-0.051063,-0.07401,113.7964000000
8,-1.21749,0.4502,-0.73025,-0.326102,-0.50958,289.4596000000
6,-0.13724,1.3005,-0.32899,-0.051814,-0.07381,113.7273000000
1,1.6013,0.08,-0.77696,0.142027,0.20168,30.1468500000
1,1.67578,0.83201,0.82336,0.137890,0.21627,30.1468500000
1,-0.10699,-0.63098,1.66174,0.142172,0.20163,30.1468500000
1,0.81932,-1.75365,0.65543,0.138044,0.21634,30.1468500000
1,-0.71647,-1.50389,-1.20255,0.112157,0.16129,28.3652500000
1,-1.86032,-1.30376,0.14023,0.116251,0.18102,28.0192000000
1,0.12104,1.95352,-1.16666,0.116719,0.18148,28.0192000000
1,-0.46328,1.93032,0.50968,0.112014,0.16073,28.3652500000
6,2.63067,-3.08578,1.02026,-0.359854,-0.24948,129.0787000000
8,2.392,-1.89321,0.29409,-0.274115,-0.47738,218.6410000000
6,2.7773,-0.71037,0.84577,0.352518,0.34668,6.6988000000
6,2.43636,0.43687,0.11228,-0.171140,-0.15082,44.7921000000
6,2.83968,1.6874,0.60153,0.271777,0.32659,6.3810000000
6,3.52658,1.79998,1.81455,-0.248795,-0.33281,66.9528000000
6,3.82647,0.64632,2.52853,-0.151991,-0.16461,35.3095000000
6,3.4647,-0.61015,2.05825,-0.280363,-0.32733,66.4360000000
8,2.49834,2.75852,-0.172,-0.270357,-0.47965,226.3464000000
6,2.82862,4.05582,0.28763,-0.358365,-0.25120,130.7855000000
6,1.69377,0.31435,-1.17453,0.163612,-0.02045,16.7719000000
6,2.3679,0.60662,-2.36379,-0.167595,-0.18527,30.9433000000
6,1.74653,0.45938,-3.59755,-0.130277,-0.20322,37.3469000000
6,0.43375,0.00089,-3.65308,-0.179017,-0.21456,38.7182000000
6,-0.24911,-0.27991,-2.47447,-0.174758,-0.21507,30.3047000000
6,0.35066,-0.11146,-1.21915,-0.127745,-0.30371,21.9683000000
15,-0.54209,-0.42045,0.38287,0.118394,0.82816,300.6237000000
6,-1.76293,-1.75166,-0.11445,-0.220538,-0.49726,157.0963000000
6,-2.78228,-1.96464,1.02885,-0.339522,-0.40730,160.2490000000
6,-3.38002,-3.37339,0.97298,-0.287795,-0.39648,164.8033000000
6,-2.29879,-4.44412,1.23389,-0.267878,-0.39816,162.6731000000
6,-0.90349,-3.9712,0.77919,-0.335036,-0.40424,164.4055000000
6,-0.99916,-3.06168,-0.44756,-0.324888,-0.41244,163.6522000000
6,-1.66071,1.09326,0.5119,-0.170016,-0.48456,154.5057000000
6,-0.81222,2.37433,0.7494,-0.341924,-0.40705,161.2754000000
6,-0.71754,3.23362,-0.51336,-0.308876,-0.40177,165.4607500000
6,-2.10696,3.74144,-0.95063,-0.263922,-0.39906,164.0957000000
6,-3.22427,2.73266,-0.60955,-0.297096,-0.39550,163.7045000000
6,-2.68328,1.29947,-0.62198,-0.332963,-0.41496,165.4607500000
1,3.70204,-3.25436,1.17078,0.160817,0.17216,28.4563000000
1,2.22135,-3.8891,0.4119,0.161055,0.19674,28.2817666667
1,2.12188,-3.07079,1.9886,0.172094,0.17656,28.3690000000
1,3.82442,2.76429,2.20239,0.156785,0.21924,24.6078000000
1,4.35728,0.72821,3.47125,0.141089,0.21319,23.6929000000
1,3.71681,-1.49047,2.63311,0.155180,0.21947,24.7058000000
1,2.46266,4.74096,-0.47427,0.164494,0.19737,28.2817666667
1,2.3401,4.27919,1.24188,0.170400,0.17315,28.5649000000
1,3.91114,4.17992,0.39615,0.158509,0.17312,28.2817666667
1,3.39718,0.94359,-2.31051,0.145679,0.21513,23.9539000000
1,2.2883,0.68721,-4.50983,0.139431,0.21303,23.8962000000
1,-0.05911,-0.13855,-4.61012,0.139865,0.21241,23.7903000000
1,-1.26665,-0.64346,-2.5411,0.178111,0.20710,23.3819000000
1,-2.32296,-1.44169,-1.00026,0.172480,0.20676,29.5925000000
1,-3.57111,-1.21054,0.96706,0.151749,0.21015,30.4305400000
1,-2.29949,-1.8197,2.00328,0.171156,0.19650,30.7251600000
1,-4.19681,-3.47345,1.69392,0.144846,0.20908,30.4305400000
1,-3.82769,-3.52552,-0.01574,0.148001,0.19301,30.5599833333
1,-2.56744,-5.36868,0.71239,0.139646,0.20009,30.5599833333
1,-2.26908,-4.69223,2.2999,0.138574,0.20065,30.4305400000
1,-0.26306,-4.83365,0.57062,0.148357,0.20653,30.7251600000
1,-0.41523,-3.41639,1.58683,0.167631,0.20090,30.4305400000
1,-1.52335,-3.59413,-1.24969,0.158268,0.20025,30.5599833333
1,-0.00462,-2.83425,-0.838,0.199038,0.22275,30.7251600000
1,-2.22044,0.89301,1.43283,0.169000,0.22245,30.5599833333
1,0.18577,2.11344,1.10644,0.178859,0.21701,30.9066500000
1,-1.2721,2.96701,1.54886,0.153995,0.19859,30.7251600000
1,-0.04591,4.07851,-0.34156,0.133056,0.20566,31.2819000000
1,-0.25575,2.64543,-1.30969,0.186582,0.21026,31.9688000000
1,-2.32419,4.70159,-0.47042,0.136202,0.19770,30.7251600000
1,-2.09797,3.93448,-2.02838,0.138981,0.20092,30.8478000000
1,-3.63734,2.94793,0.38294,0.147751,0.19100,30.9066500000
1,-4.05702,2.83485,-1.31229,0.141976,0.20703,30.5599833333
1,-3.50106,0.58065,-0.5245,0.148894,0.20654,30.5599833333
1,-2.22095,1.11369,-1.59469,0.159973,0.20039,30.4305400000
15,-0.15786,-1.59874,-1.25227,0.109962,0.76242,207.2385000000
6,-0.49762,0.25543,-1.74924,-0.034659,-0.27543,142.3188000000
6,-0.64008,0.58228,-3.24706,-0.456621,-0.61882,157.3060000000
1,-1.49279,0.08301,-3.70783,0.140815,0.20354,30.3372777778
1,0.25003,0.31989,-3.8202,0.167735,0.20964,30.3372777778
1,-0.79951,1.66059,-3.37311,0.153023,0.20414,31.1613666667
6,-1.78945,0.67921,-1.01019,-0.447801,-0.61560,148.3819000000
1,-1.71239,0.48868,0.06289,0.169633,0.21639,30.6500333333
1,-1.94628,1.75564,-1.14652,0.144571,0.20170,31.3914000000
1,-2.68328,0.1771,-1.37315,0.158972,0.20993,30.3372777778
6,0.61532,1.14996,-1.16459,-0.520832,-0.61190,149.0482000000
1,1.56798,1.04482,-1.68253,0.149147,0.20261,30.5201333333
1,0.7765,0.96091,-0.10064,0.181768,0.21298,30.6500333333
1,0.31331,2.19856,-1.26442,0.157645,0.20638,31.2527666667
6,-1.27887,-2.72836,-2.37849,-0.035523,-0.27526,140.5020000000
6,-2.72634,-2.1962,-2.34937,-0.520489,-0.61204,148.6704000000
1,-3.38599,-2.94219,-2.80663,0.157632,0.20646,31.2527666667
1,-2.85607,-1.27217,-2.91153,0.149090,0.20267,30.5201333333
1,-3.08218,-2.03419,-1.32918,0.181764,0.21300,30.6500333333
6,-1.34052,-4.11205,-1.68925,-0.447608,-0.61559,147.8514000000
1,-0.39353,-4.64669,-1.70043,0.158826,0.20993,30.3372777778
1,-2.07249,-4.74164,-2.20863,0.144662,0.20173,31.3914000000
1,-1.65973,-4.02162,-0.64822,0.169706,0.21645,30.6500333333
6,-0.86097,-2.90994,-3.84829,-0.456334,-0.61873,156.9666000000
1,0.10595,-3.4027,-3.95258,0.140524,0.20351,30.3372777778
1,-0.81363,-1.96433,-4.38961,0.167875,0.20967,30.3372777778
1,-1.59537,-3.54165,-4.36345,0.153038,0.20417,31.1613666667
6,1.70204,-1.99493,-1.68436,-0.034910,-0.27493,141.3225000000
6,2.25957,-1.45005,-3.01131,-0.456057,-0.61862,157.2274000000
1,3.30111,-1.77332,-3.13197,0.152967,0.20410,31.1613666667
1,2.2617,-0.36063,-3.05043,0.140364,0.20342,30.3372777778
1,1.70687,-1.81364,-3.87823,0.167744,0.20961,30.3372777778
6,2.5508,-1.44973,-0.5115,-0.447621,-0.61556,148.1296000000
1,2.19938,-1.84083,0.44622,0.169468,0.21636,30.6500333333
1,2.55479,-0.36422,-0.44512,0.158949,0.20994,30.3372777778
1,3.59166,-1.76903,-0.64015,0.144524,0.20168,31.3914000000
6,1.91375,-3.52289,-1.66297,-0.520198,-0.61199,149.3866000000
1,1.52681,-3.97754,-0.74797,0.181621,0.21299,30.6500333333
1,2.98925,-3.73043,-1.69675,0.157688,0.20642,31.2527666667
1,1.46695,-4.03077,-2.51693,0.148939,0.20260,30.5201333333
15,-0.78995,0.33495,-1.3606,0.111367,0.81917,283.5432000000
6,-0.39522,2.01266,-0.67777,-0.105367,-0.32238,19.0926000000
6,0.5906,2.75377,-1.34599,-0.131000,-0.20283,26.8964000000
6,0.9451,4.02708,-0.90949,-0.147495,-0.20931,36.0175000000
6,0.30396,4.59101,0.19254,-0.132517,-0.20715,34.7773000000
6,-0.68803,3.87181,0.85483,-0.155149,-0.20804,34.7773000000
6,-1.03408,2.59107,0.42567,-0.137855,-0.21099,28.4565500000
1,1.08184,2.32987,-2.21723,0.153234,0.21858,23.3643333333
1,1.71352,4.58371,-1.43692,0.144855,0.21563,23.6120166667
1,0.57169,5.58791,0.52817,0.145126,0.21462,23.6120166667
1,-1.19596,4.30675,1.71023,0.145012,0.21509,23.8041000000
1,-1.8082,2.04275,0.95072,0.184032,0.22357,24.4655333333
6,-3.6867,-1.12268,1.26905,-0.155115,-0.20803,34.7773000000
6,-2.44929,-0.8268,0.69847,-0.137816,-0.21087,29.3396000000
6,-2.37074,-0.08988,-0.48948,-0.106276,-0.32228,19.4395500000
6,-3.56258,0.33414,-1.09552,-0.130800,-0.20292,26.6594000000
6,-4.79721,0.04937,-0.51915,-0.146888,-0.20934,34.7773000000
6,-4.86235,-0.68308,0.66526,-0.132685,-0.20707,34.9872000000
1,-3.72989,-1.69794,2.18888,0.145110,0.21509,23.8041000000
1,-1.54229,-1.17582,1.17923,0.183900,0.22358,24.4655333333
1,-3.5217,0.88878,-2.02867,0.153201,0.21859,23.3643333333
1,-5.70884,0.38918,-1.00075,0.144732,0.21563,23.6120166667
1,-5.82452,-0.91516,1.11083,0.144890,0.21458,23.6120166667
6,0.62193,-2.04001,-1.01192,-0.130670,-0.20271,26.6594000000
6,1.53227,-2.9196,-0.43291,-0.147693,-0.20944,35.6078000000
6,2.29681,-2.51362,0.65981,-0.133056,-0.20702,34.3488000000
6,2.14071,-1.22695,1.16997,-0.154387,-0.20812,35.1488000000
6,1.21952,-0.3502,0.59821,-0.138072,-0.21088,28.4565500000
6,0.44388,-0.7472,-0.49782,-0.105318,-0.32240,19.4395500000
1,0.04382,-2.35802,-1.87488,0.153546,0.21864,23.3643333333
1,1.65316,-3.91779,-0.84213,0.144741,0.21566,23.6120166667
1,3.01464,-3.1944,1.10639,0.145160,0.21464,23.6120166667
1,2.73661,-0.90192,2.01738,0.145266,0.21512,23.8041000000
1,1.1083,0.64825,1.00607,0.183991,0.22358,24.4655333333
6,-4.34827,-0.08531,0.33809,-0.161001,-0.19026,26.3480000000
6,-3.19844,-0.81878,0.50439,-0.209849,-0.19855,32.6027000000
6,-1.93041,-0.24439,0.23057,0.168792,0.13192,12.9174000000
6,-1.88084,1.11302,-0.21485,0.148104,-0.10939,36.2068000000
6,-3.09545,1.83131,-0.38284,-0.289401,-0.20455,34.5397000000
6,-4.33025,1.27009,-0.11227,-0.241875,-0.35717,9.7292000000
1,-5.30894,-0.54346,0.55488,0.158734,0.22209,22.7043000000
1,-3.21713,-1.84685,0.85108,0.148552,0.22453,22.7951000000
6,-0.60166,1.66676,-0.46542,-0.169423,-0.14421,27.5519000000
1,-3.04215,2.86707,-0.71256,0.185252,0.21384,22.8693000000
6,0.51714,0.89297,-0.28138,-0.156761,-0.26841,44.8566000000
6,0.35371,-0.44443,0.15342,-0.070456,0.04732,14.1407000000
1,-0.52079,2.70047,-0.79169,0.144282,0.21298,22.9852000000
1,1.51311,1.28568,-0.45718,0.143384,0.21885,23.7806000000
1,1.23037,-1.07284,0.30184,0.140577,0.19030,22.1382000000
7,-0.8101,-1.00381,0.4021,-0.216416,-0.40285,-146.2422000000
5,-5.71901,2.08792,-0.33142,0.562738,1.16556,100.6342000000
9,-6.29616,2.59136,0.80951,-0.342349,-0.52762,332.0933000000
9,-6.65131,1.19345,-1.01358,-0.425710,-0.59487,321.0578000000
9,-5.47791,3.15292,-1.29532,-0.424748,-0.59337,329.8420000000
19,-5.22051,1.36466,-3.13469,0.907573,0.96386,1290.5202000000
6,0.63807,1.50904,1.67229,-0.459538,-0.63014,160.1992000000
6,-0.15744,2.2181,0.60574,0.057954,-0.01105,13.5732000000
6,-0.4266,3.58067,0.7753,-0.156357,-0.21244,32.8434000000
6,-1.16092,4.3105,-0.15397,-0.129816,-0.19349,32.3902000000
6,-1.65038,3.68042,-1.29218,-0.172038,-0.22275,37.8439000000
6,-1.38342,2.32976,-1.48603,-0.066659,-0.19302,22.0112000000
6,-0.64704,1.58129,-0.55686,-0.165634,-0.32952,26.5290000000
15,-0.40667,-0.18301,-1.06111,0.085429,0.82403,296.9701000000
6,1.30351,-0.58192,-0.48658,-0.058203,-0.31493,22.8274000000
6,1.55468,-1.52021,0.52032,-0.239314,-0.21496,31.5108000000
6,2.85354,-1.84476,0.89492,-0.167467,-0.21932,39.6538000000
6,3.92772,-1.22567,0.26325,-0.136553,-0.20534,37.1246000000
6,3.68845,-0.29459,-0.74237,-0.159249,-0.20825,34.2893000000
6,2.39058,0.03725,-1.14015,0.084695,-0.02001,18.4071000000
6,2.18318,1.06127,-2.22648,-0.514266,-0.63508,162.4198000000
6,-1.48082,-1.12788,0.10287,-0.029845,-0.32782,24.7254000000
6,-2.23154,-0.49323,1.09895,-0.138516,-0.20446,29.7036000000
6,-3.09748,-1.21233,1.91685,-0.186635,-0.21659,38.4446000000
6,-3.22654,-2.586,1.74397,-0.138668,-0.20118,37.3354000000
6,-2.50118,-3.22383,0.7421,-0.142089,-0.20895,32.1529000000
6,-1.63416,-2.51921,-0.09626,0.002377,-0.01416,15.9524000000
6,-0.89162,-3.25082,-1.18525,-0.494170,-0.63930,163.2813000000
1,0.21611,0.53647,1.9222,0.176156,0.22610,30.0864000000
1,1.66791,1.33094,1.35482,0.178163,0.23076,31.1047000000
1,0.6683,2.10879,2.58407,0.141574,0.21336,30.2459000000
1,-0.05374,4.07801,1.66583,0.136131,0.21024,23.8994000000
1,-1.35038,5.36562,0.01484,0.143958,0.21458,23.6039500000
1,-2.22725,4.2332,-2.02601,0.144694,0.21636,23.6871500000
1,-1.74611,1.83521,-2.38144,0.154216,0.22028,23.0570000000
1,0.72221,-1.98415,1.03663,0.206609,0.22167,24.1915000000
1,3.02309,-2.57179,1.68248,0.143734,0.21492,24.1225000000
1,4.94646,-1.46718,0.54824,0.141391,0.21409,24.0397000000
1,4.52716,0.18615,-1.23733,0.133225,0.21020,24.0397000000
1,3.11729,1.27027,-2.75095,0.140053,0.21619,29.9011000000
1,1.80638,2.0056,-1.82297,0.183149,0.22718,30.4772000000
1,1.44838,0.72162,-2.96208,0.181183,0.22757,29.1773000000
1,-2.14633,0.57842,1.22969,0.203959,0.22174,24.1915000000
1,-3.66753,-0.69823,2.68377,0.142615,0.21475,23.8994000000
1,-3.89683,-3.15877,2.37648,0.141707,0.21383,23.6871500000
1,-2.61708,-4.2937,0.59585,0.134064,0.21007,23.6039500000
1,-0.99814,-2.74292,-2.14788,0.175346,0.23065,28.9533000000
1,0.18103,-3.30831,-0.9802,0.183934,0.22799,29.5413000000
1,-1.26475,-4.27043,-1.29525,0.138702,0.21622,29.7367000000
6,-3.90799,-2.61003,0.47664,-0.281898,-0.40029,165.5606000000
6,-4.08881,-1.89717,-0.88082,-0.272539,-0.39571,163.3072000000
6,-3.0266,-0.80211,-1.11301,-0.348541,-0.40744,157.9115500000
6,-1.67547,-1.17973,-0.47805,-0.195870,-0.49437,149.5945000000
6,-1.82686,-1.29561,1.06071,-0.375302,-0.40750,156.0061000000
6,-3.26124,-1.66806,1.49234,-0.256144,-0.39803,163.6840000000
15,-0.33757,-0.05371,-1.17334,0.184376,0.80995,238.5890000000
6,1.25032,-0.94035,-0.69784,-0.160397,-0.50480,148.3399000000
6,2.47361,-0.18147,-1.24537,-0.390024,-0.40969,157.9115500000
6,3.7258,-1.08025,-1.28206,-0.268374,-0.39614,162.4430000000
6,3.78472,-2.05823,-0.08609,-0.281934,-0.40121,166.9097500000
6,2.98809,-1.51796,1.10309,-0.241668,-0.39765,164.4082000000
6,1.49035,-1.42513,0.7574,-0.404503,-0.40915,154.3465000000
6,-0.54466,1.51782,-0.12619,-0.274958,-0.49593,152.2452000000
6,-0.54042,2.76277,-1.05551,-0.241746,-0.40568,154.2958000000
6,0.83506,3.42941,-1.09187,-0.317815,-0.40474,166.9097500000
6,1.20846,3.99593,0.29634,-0.274957,-0.39877,164.0013000000
6,0.53707,3.20496,1.43784,-0.286021,-0.39925,163.8615000000
6,0.41149,1.72312,1.07197,-0.324612,-0.40622,156.9699000000
1,-3.26786,-3.49185,0.35587,0.144126,0.19199,30.6505571429
1,-4.86946,-2.98172,0.84241,0.143280,0.20908,30.3875913043
1,-4.04101,-2.63178,-1.69104,0.142625,0.20142,30.3875913043
1,-5.08529,-1.44655,-0.93534,0.140468,0.20195,30.3875913043
1,-3.36863,0.1462,-0.68224,0.165197,0.18953,30.6505571429
1,-2.90528,-0.61794,-2.18295,0.161959,0.22052,30.3875913043
1,-1.40009,-2.16501,-0.87671,0.164780,0.21297,30.3875913043
1,-1.54553,-0.36037,1.55038,0.157515,0.19749,30.3875913043
1,-1.1323,-2.05201,1.43133,0.157824,0.20657,30.0925500000
1,-3.87387,-0.76338,1.58128,0.146867,0.19139,30.6505571429
1,-3.2404,-2.11914,2.4891,0.142966,0.20909,30.3875913043
1,1.15591,-1.83625,-1.32741,0.162923,0.21720,30.3875913043
1,2.67121,0.69654,-0.62426,0.158845,0.19272,30.3875913043
1,2.26137,0.20191,-2.24698,0.174173,0.22090,30.3875913043
1,4.61811,-0.44588,-1.2924,0.139461,0.20240,30.3875913043
1,3.7434,-1.64519,-2.2196,0.146286,0.20157,30.3875913043
1,3.36267,-3.02811,-0.37484,0.144201,0.19260,30.6505571429
1,4.82371,-2.25288,0.19458,0.143171,0.20913,30.3875913043
1,3.37167,-0.52831,1.37831,0.147920,0.19129,30.3875913043
1,3.12449,-2.15156,1.98489,0.143427,0.20981,30.6505571429
1,1.03946,-2.41553,0.86972,0.164133,0.20074,30.3875913043
1,0.99169,-0.7844,1.48146,0.176072,0.20704,29.9333000000
1,-1.56065,1.42305,0.27186,0.157731,0.21817,30.3875913043
1,-1.27705,3.48969,-0.69316,0.151286,0.19502,30.0925500000
1,-0.85968,2.47999,-2.06095,0.160060,0.22007,30.3875913043
1,1.57796,2.69072,-1.41101,0.155960,0.19589,30.6505571429
1,0.85792,4.2225,-1.84442,0.144538,0.21109,30.3875913043
1,0.9158,5.04868,0.36233,0.140328,0.20212,30.3875913043
1,2.29608,3.97327,0.42196,0.140899,0.19976,30.3875913043
1,1.10839,3.31976,2.36405,0.143407,0.20899,30.3875913043
1,-0.45957,3.61102,1.64424,0.154630,0.19290,30.6505571429
1,0.06256,1.14526,1.93106,0.159368,0.20952,30.3875913043
1,1.40903,1.34496,0.84216,0.136500,0.19170,30.3875913043
11,4.17514,0.48815,0.,0.786894,0.95144,574.0636000000
8,2.33927,-0.07481,0.,-1.068255,-1.39153,374.5511000000
1,1.42549,-0.35333,0.,0.281361,0.44009,34.3864000000
11,5.7194,-0.41089,0.,0.799293,0.94571,573.1631000000
8,4.34732,1.30252,0.,-0.597029,-0.81827,80.2010000000
8,2.14411,0.95292,0.,-0.431957,-0.70083,145.1766000000
8,3.55225,-0.7975,0.,-0.643988,-0.86388,76.6441000000
6,3.41744,0.46338,0.,0.546207,0.95435,4.0257000000
1,1.56639,0.17958,0.,0.327473,0.48292,27.0125000000
6,-0.35781,-0.02745,-0.01914,-0.210921,-0.24912,133.3665000000
8,0.99508,-0.40826,-0.21412,-0.477116,-0.69808,332.5834000000
1,-0.62133,0.05735,1.04387,0.120211,0.15609,28.4533000000
1,-0.97186,-0.8133,-0.45988,0.134576,0.18038,28.5624000000
1,-0.60386,0.91968,-0.51815,0.120214,0.15610,28.4533000000
1,1.55978,0.27198,0.16722,0.313036,0.45463,32.4491000000
6,-0.35639,-0.00126,0.04575,-0.210922,-0.24910,133.3783000000
8,1.00982,-0.08995,0.41805,-0.477033,-0.69801,332.6126000000
1,-0.93948,-0.14732,0.95522,0.134558,0.18037,28.5659000000
1,-0.61498,0.98077,-0.37311,0.120189,0.15608,28.4529000000
1,-0.64664,-0.7776,-0.67521,0.120195,0.15607,28.4529000000
1,1.54767,0.03525,-0.37061,0.313013,0.45460,32.4510000000
6,-0.48708,0.00728,-0.00806,-0.393418,-0.71346,185.6984000000
6,0.9687,-0.01428,0.01625,-0.149718,0.27409,54.3978000000
7,2.12026,-0.03157,0.0352,0.009883,-0.31929,-71.6681000000
1,-0.86789,-0.77337,-0.66937,0.177757,0.25291,30.2828666667
1,-0.88677,-0.16107,0.99373,0.177741,0.25286,30.2828666667
1,-0.84722,0.97301,-0.36774,0.177755,0.25289,30.2828666667
6,-2.81424,-1.1448,-2.31814,0.280441,0.25664,115.5466000000
6,-3.44323,-0.27526,-1.20855,-0.413790,-0.61241,147.7275000000
1,-3.99193,0.55877,-1.65649,0.122640,0.19815,30.9484333333
1,-2.65596,0.14381,-0.57461,0.122562,0.19814,30.9484333333
1,-4.13413,-0.8385,-0.57152,0.122287,0.19179,30.8182000000
6,-3.93279,-1.71647,-3.21541,-0.413638,-0.61241,147.7275000000
1,-4.64381,-2.33782,-2.6597,0.122320,0.19178,30.8182000000
1,-3.49486,-2.32517,-4.01233,0.122557,0.19816,30.9484333333
1,-4.48653,-0.89792,-3.68527,0.122585,0.19814,30.9484333333
6,-2.03134,-2.30855,-1.67325,-0.413827,-0.61243,147.6546000000
1,-1.22913,-1.91243,-1.04327,0.122648,0.19813,30.9484333333
1,-1.57203,-2.92401,-2.45274,0.122619,0.19818,30.9484333333
1,-2.66644,-2.95345,-1.05587,0.122376,0.19180,30.8182000000
8,-1.95491,-0.37344,-3.0818,-0.901074,-1.08228,210.0642000000
3,-0.95457,0.52444,-3.97065,0.759294,0.89862,91.3869000000
19,4.3903,0.60296,0.,0.761037,0.95688,1299.5414000000
8,2.22931,-0.11884,0.,-1.026209,-1.38861,328.4486000000
1,1.3203,-0.42412,0.,0.265172,0.43173,34.3786000000
19,6.95683,-1.00589,0.,0.487277,0.65286,1296.8003000000
19,0.53105,-1.07222,0.,0.500051,0.66864,1297.1095000000
19,3.70606,2.97711,0.,0.192259,0.29452,1293.4324000000
15,3.73372,-0.23664,0.,0.921619,2.18110,242.4703000000
8,4.99051,0.67036,0.,-0.681650,-1.24337,-40.4938000000
8,2.9748,-1.87625,0.,-0.380937,-0.65883,-13.2829000000
8,2.45939,0.64625,0.,-0.676961,-1.23940,-44.6943000000
8,4.50386,-1.83468,0.,-0.361658,-0.65553,16.8284000000
7,-0.79991,-1.51208,-1.05893,-0.175190,-0.44448,200.9683000000
6,-0.89609,-0.3238,-0.20411,-0.280639,-0.22075,146.7431000000
1,-1.09483,0.53458,-0.8505,0.162008,0.19532,29.1103000000
1,-1.79187,-0.43049,0.41256,0.162009,0.19534,29.1103000000
6,0.30579,-0.00561,0.70227,-0.417308,-0.63718,184.2763000000
1,1.22031,0.17204,0.12986,0.143989,0.20196,31.0970500000
1,0.10468,0.89936,1.28353,0.143105,0.21244,31.6860000000
1,0.51211,-0.80995,1.41366,0.144012,0.20196,31.0970500000
6,-0.73711,-2.78136,-0.33172,-0.205141,-0.20913,135.2405000000
1,0.18294,-2.87674,0.27488,0.138551,0.15644,29.2688500000
1,-0.67816,-3.57241,-1.08602,0.130581,0.19224,29.6774500000
6,-1.95622,-3.04932,0.54969,-0.435862,-0.61148,171.6302000000
1,-2.87798,-2.91165,-0.02163,0.149687,0.21055,31.0386000000
1,-1.99809,-2.39613,1.42471,0.140979,0.19844,30.7222500000
1,-1.93187,-4.07874,0.91778,0.140196,0.21064,30.9856000000
6,0.23553,-1.43689,-2.09138,-0.205234,-0.20914,135.2405000000
1,1.25556,-1.39368,-1.66571,0.138596,0.15644,29.2688500000
1,0.18798,-2.37561,-2.6524,0.130588,0.19224,29.6774500000
6,0.04593,-0.28148,-3.07322,-0.435738,-0.61145,171.6302000000
1,0.73862,-0.3873,-3.91273,0.140177,0.21063,30.9856000000
1,0.23651,0.69464,-2.6205,0.140967,0.19843,30.7222500000
1,-0.97332,-0.27968,-3.46828,0.149667,0.21054,31.0386000000
6,-1.1274,0.7734,0.13289,-0.338234,-0.41834,155.7072000000
7,0.13922,0.07866,-0.00103,-0.133479,-0.43332,132.3007000000
6,0.10985,-1.36228,-0.12789,-0.314493,-0.39539,148.8884000000
6,1.30773,0.78097,-0.00434,0.179311,0.53660,8.6484000000
8,1.41355,1.98543,0.0974,-0.382675,-0.61522,-126.5474000000
1,-1.66224,0.43548,1.02678,0.144671,0.19238,29.9191500000
1,-1.76271,0.59257,-0.74056,0.144645,0.19238,29.9191500000
1,-0.92256,1.83818,0.21604,0.183605,0.24352,27.4783000000
1,-0.35511,-1.82603,0.74908,0.150324,0.19259,29.3153000000
1,-0.45454,-1.66864,-1.01555,0.150339,0.19258,29.3153000000
1,1.12724,-1.74519,-0.21937,0.137281,0.20831,28.7462000000
1,2.18677,0.11735,-0.11346,0.078706,0.10393,23.6784000000
6,0.56445,4.81989,1.23312,-0.444799,-0.60501,173.6911000000
6,-0.77316,4.07862,1.31531,-0.214800,-0.39000,158.9402000000
6,-0.69947,2.57475,0.99169,-0.313576,-0.40404,154.0631500000
6,-0.37209,2.28582,-0.48491,-0.494742,-0.71623,163.0289000000
15,-0.17541,0.56221,-1.23725,0.152767,0.82655,242.8850000000
6,1.54045,-0.02725,-0.60073,0.226706,-0.26286,138.3760000000
6,1.71731,-1.53474,-0.91421,-0.553293,-0.41870,138.9571000000
6,3.16009,-1.99876,-0.62378,0.032549,-0.21736,155.2523000000
6,4.14899,-1.20277,-1.49378,-0.390775,-0.39670,146.8991000000
6,4.01331,0.29626,-1.17143,0.007181,-0.21786,156.0388000000
6,2.57048,0.75341,-1.46999,-0.489937,-0.41874,138.7977000000
6,4.33514,0.53347,0.31544,-0.384061,-0.39710,146.9545000000
6,3.34396,-0.26308,1.18337,0.026134,-0.21743,154.3231000000
6,3.47716,-1.76359,0.86471,-0.386585,-0.39699,146.5659000000
6,1.90268,0.21203,0.88496,-0.495632,-0.41970,138.4545000000
6,-1.60612,-0.49193,-0.51751,0.210035,-0.26732,139.5739000000
6,-2.9055,0.32768,-0.76425,-0.530879,-0.41755,143.1597000000
6,-4.156,-0.48151,-0.36391,0.020562,-0.21623,156.0388000000
6,-4.2391,-1.76125,-1.21382,-0.386944,-0.39668,146.6204000000
6,-2.97358,-2.60346,-0.97758,0.016613,-0.21823,155.1688000000
6,-1.72736,-1.78544,-1.37663,-0.501570,-0.41926,136.9845000000
6,-2.88415,-2.99001,0.511,-0.386548,-0.39703,146.4186500000
6,-2.80517,-1.71217,1.36626,0.043313,-0.21786,154.0631500000
6,-4.06403,-0.85735,1.12759,-0.390192,-0.39682,146.4186500000
6,-1.5471,-0.90551,0.97326,-0.516766,-0.42064,139.7399000000
1,0.97855,4.81542,0.22136,0.141315,0.19947,30.7959000000
1,1.30917,4.36835,1.89691,0.136615,0.19883,31.3989000000
1,0.45351,5.86647,1.53034,0.146440,0.20964,30.9219000000
1,-1.49928,4.55807,0.64663,0.134218,0.19384,30.9219000000
1,-1.1787,4.19307,2.32769,0.135753,0.20061,30.1927666667
1,-1.66326,2.12907,1.24869,0.130616,0.19697,29.7546000000
1,0.03156,2.10411,1.65369,0.168520,0.19768,30.1927666667
1,-1.13662,2.76351,-1.10782,0.199268,0.22635,30.5642000000
1,0.55807,2.79035,-0.76513,0.176802,0.22581,30.1927666667
1,1.0287,-2.1285,-0.30646,0.158256,0.20018,29.8219333333
1,1.4655,-1.73123,-1.96274,0.196594,0.21024,30.1927666667
1,3.24128,-3.06756,-0.85493,0.135773,0.21068,30.1927666667
1,3.94676,-1.38101,-2.55671,0.155548,0.20412,30.1927666667
1,5.17566,-1.54057,-1.30723,0.155162,0.20280,30.1927666667
1,4.70451,0.87353,-1.79696,0.135850,0.21132,30.1927666667
1,2.34493,0.60567,-2.53124,0.183074,0.21661,30.1927666667
1,2.48746,1.82992,-1.28169,0.169739,0.19884,30.1927666667
1,5.36472,0.22524,0.53458,0.155256,0.20320,30.1927666667
1,4.27042,1.60268,0.55114,0.150064,0.20229,30.1927666667
1,3.56047,-0.09023,2.24447,0.135274,0.20999,30.1927666667
1,4.49105,-2.11142,1.09706,0.155626,0.20356,30.1927666667
1,2.79371,-2.34696,1.49388,0.149457,0.20183,30.1927666667
1,1.83042,1.27718,1.11884,0.150081,0.20063,29.8219333333
1,1.20183,-0.30646,1.54543,0.189070,0.20629,29.6271666667
1,-2.96723,0.60874,-1.82247,0.190136,0.20968,30.1927666667
1,-2.89041,1.25947,-0.19395,0.176019,0.20248,30.1927666667
1,-5.04617,0.13568,-0.53474,0.135345,0.21082,30.1927666667
1,-4.3296,-1.50451,-2.27606,0.155098,0.20386,30.1927666667
1,-5.13536,-2.33643,-0.951,0.154514,0.20235,30.1927666667
1,-3.01258,-3.51038,-1.59268,0.135019,0.21099,30.1927666667
1,-1.78023,-1.51515,-2.43674,0.183237,0.21468,30.1927666667
1,-0.83796,-2.40925,-1.26113,0.179613,0.20512,29.8219333333
1,-2.00199,-3.61781,0.68699,0.148924,0.20183,30.1927666667
1,-3.75702,-3.58792,0.80037,0.155677,0.20316,30.1927666667
1,-2.73764,-1.98108,2.42733,0.135006,0.20995,30.1927666667
1,-4.02808,0.04914,1.74438,0.149965,0.20147,30.1927666667
1,-4.96042,-1.40952,1.43479,0.155934,0.20385,30.1927666667
1,-1.46268,-0.02791,1.61896,0.190087,0.20728,29.6271666667
1,-0.65868,-1.51708,1.15908,0.156295,0.20045,29.6271666667
6,-3.61638,-1.91376,0.22658,-0.436768,-0.61028,149.2076000000
6,-2.29215,-1.38762,-0.36097,-0.051560,-0.29212,146.9530000000
6,-2.58671,-0.70786,-1.7034,-0.472540,-0.60833,155.2741000000
6,-1.36789,-2.59496,-0.59677,-0.461658,-0.61075,152.0076000000
15,-1.46863,-0.35601,1.02612,0.068665,0.80313,251.9466000000
6,0.29578,-0.2082,0.51892,-0.082215,-0.39628,38.8492000000
6,1.25731,-0.488,1.49857,-0.115223,-0.16808,19.6334000000
6,2.62068,-0.41578,1.24629,-0.247937,-0.28470,58.6488000000
6,3.10327,-0.05528,-0.02822,0.291695,0.18056,13.4806000000
6,2.13969,0.20448,-1.02739,-0.252513,-0.28006,57.3186000000
6,0.78308,0.13752,-0.7496,-0.261962,-0.18081,25.8138000000
7,4.45876,0.04477,-0.28962,-0.172635,-0.40138,194.6151000000
6,4.90906,0.18006,-1.66207,-0.368828,-0.39660,143.8311000000
6,5.407,-0.44705,0.69182,-0.369210,-0.39661,143.6273000000
6,-2.06964,1.45706,0.94477,-0.005008,-0.28734,146.6651000000
6,-1.43487,2.11211,2.18621,-0.465336,-0.61388,151.1189000000
6,-3.5964,1.47991,1.10633,-0.491563,-0.61274,153.4555000000
6,-1.6632,2.27602,-0.28681,-0.487049,-0.61762,158.2189000000
1,-4.09176,-2.59867,-0.48449,0.143395,0.20138,31.2404666667
1,-4.32639,-1.11194,0.43438,0.156861,0.20690,30.4431000000
1,-3.44803,-2.45795,1.15832,0.164226,0.21611,30.6217500000
1,-3.29245,0.11734,-1.60201,0.146390,0.20335,30.2694000000
1,-3.03812,-1.43477,-2.38918,0.153478,0.20455,30.9497000000
1,-1.68682,-0.3284,-2.18788,0.156157,0.20205,30.1305000000
1,-0.44026,-2.31162,-1.09509,0.171094,0.21578,31.2404666667
1,-1.87991,-3.33263,-1.22454,0.143867,0.20355,31.5251000000
1,-1.10224,-3.0869,0.34312,0.163374,0.21383,31.2404666667
1,0.9259,-0.78087,2.48993,0.151113,0.21897,23.4958000000
1,3.30772,-0.65091,2.04806,0.156021,0.21471,24.7211000000
1,2.44743,0.46424,-2.03149,0.156814,0.21386,24.6377000000
1,0.09341,0.35625,-1.5538,0.172107,0.20638,23.3575000000
1,5.99496,0.25781,-1.67595,0.140182,0.20353,29.2843000000
1,4.51128,1.09029,-2.11874,0.154484,0.19789,28.5986500000
1,4.61687,-0.67226,-2.29217,0.163166,0.18474,29.1020500000
1,5.29701,-1.52323,0.88846,0.163865,0.18502,29.1020500000
1,5.29847,0.08288,1.64178,0.155179,0.19869,28.5986500000
1,6.41909,-0.2671,0.333,0.139116,0.20319,29.2843000000
1,-1.75093,3.15884,2.25765,0.143532,0.20328,31.5779000000
1,-0.34358,2.09742,2.13313,0.169530,0.21502,31.3346000000
1,-1.73452,1.60448,3.10601,0.161199,0.21367,30.8520500000
1,-4.11118,1.11611,0.21528,0.144450,0.20226,30.5463000000
1,-3.93595,2.50678,1.28094,0.151884,0.20631,31.0150000000
1,-3.9215,0.87474,1.9567,0.175589,0.21326,30.6217500000
1,-2.04799,3.29814,-0.18833,0.148092,0.20325,31.3346000000
1,-2.06021,1.86888,-1.21624,0.159850,0.20572,30.2694000000
1,-0.57895,2.34544,-0.38072,0.176631,0.21664,30.8520500000
6,-3.12491,2.02758,-0.33945,-0.147732,-0.25308,44.3025000000
6,-1.85446,1.74003,-0.76506,-0.155846,-0.14004,26.1323000000
6,-1.23047,0.55097,-0.31678,0.100923,-0.09110,36.1788000000
6,-1.97281,-0.29399,0.56476,0.164100,0.13810,13.2987000000
6,-1.37989,-1.49459,1.03038,-0.209339,-0.16561,29.5242000000
6,-0.11194,-1.8491,0.64545,-0.125387,-0.22770,39.0820000000
6,0.60282,-0.99361,-0.21647,0.130642,0.24267,15.9394000000
6,0.07892,0.17464,-0.69798,-0.209297,-0.21115,46.7980000000
8,1.87705,-1.3782,-0.68349,-0.290313,-0.67304,67.8715000000
16,3.16432,-1.39947,0.3275,0.874509,2.27535,116.4498000000
8,4.20508,-2.0804,-0.39714,-0.412379,-0.86990,88.9480000000
8,2.75945,-1.74422,1.67088,-0.416340,-0.88529,82.2795000000
6,3.59349,0.43579,0.33599,0.419750,0.73966,54.0606000000
9,2.67235,1.11031,1.01795,-0.135073,-0.29813,240.6123000000
9,4.77801,0.58591,0.91545,-0.134635,-0.29319,249.3439000000
9,3.64317,0.89202,-0.9123,-0.142364,-0.29905,248.1127000000
7,-3.2355,0.00751,0.97612,-0.215971,-0.39425,-147.8721000000
6,-3.77376,1.12209,0.53547,-0.061637,0.05814,11.7789000000
1,-3.63677,2.92814,-0.65878,0.151560,0.22444,23.6141000000
1,-1.32127,2.40607,-1.43621,0.148908,0.21887,22.9605000000
1,-1.96474,-2.11925,1.69425,0.164822,0.23594,22.7567000000
1,0.35171,-2.76152,0.99575,0.176294,0.24227,23.3796000000
1,0.6626,0.79612,-1.36721,0.175943,0.23004,23.4925000000
1,-4.78237,1.33745,0.88091,0.148861,0.19605,21.9092000000
5,-0.43082,0.11731,0.13939,0.428042,1.12865,72.4053000000
8,-1.34981,0.59133,1.04097,-0.336723,-0.71281,140.7678000000
6,-2.67537,0.203,0.57233,0.133225,0.24322,92.9727000000
6,-2.42651,-0.04206,-0.96801,0.129177,0.24332,94.9922000000
8,-1.00845,-0.38214,-1.00119,-0.338933,-0.71438,143.7985000000
6,-2.59498,1.21979,-1.82065,-0.497241,-0.62558,157.4230000000
6,-3.21236,-1.19739,-1.57833,-0.433423,-0.61916,160.5394000000
6,-3.65111,1.3271,0.90289,-0.433745,-0.61924,159.7878000000
6,-3.05375,-1.06793,1.3393,-0.498455,-0.62532,158.1553000000
6,1.10095,0.1412,0.38791,-0.059905,-0.39960,34.9942000000
6,1.97971,-0.31936,-0.5758,-0.225015,-0.11943,24.4035500000
6,3.38003,-0.31148,-0.36575,0.118885,-0.11641,37.5674000000
6,3.89682,0.18699,0.87081,0.161482,0.15013,10.9245000000
6,2.98616,0.65825,1.85083,-0.199056,-0.19732,34.3864000000
6,1.63493,0.63381,1.61475,-0.186315,-0.15755,27.3493000000
7,5.2325,0.22624,1.14372,-0.216920,-0.40426,-144.6312000000
6,6.0588,-0.21581,0.22168,-0.062786,0.05829,11.8711000000
6,5.65377,-0.72942,-1.03466,-0.155814,-0.26842,43.1438000000
6,4.31409,-0.77545,-1.32473,-0.157583,-0.13284,24.4035500000
1,-3.64282,1.51831,-1.90393,0.163323,0.21098,30.9480250000
1,-2.02961,2.0594,-1.41121,0.167002,0.21478,30.4532000000
1,-2.2154,1.02205,-2.82516,0.164191,0.22101,30.6345500000
1,-3.00184,-2.14134,-1.07637,0.157504,0.21904,30.4532000000
1,-4.2889,-1.0103,-1.53027,0.156119,0.21035,30.9480250000
1,-2.93865,-1.31072,-2.62955,0.159028,0.22016,30.4532000000
1,-3.729,1.43759,1.98666,0.159684,0.22058,30.4532000000
1,-3.32203,2.2821,0.49422,0.157535,0.21925,30.4532000000
1,-4.65002,1.1084,0.51479,0.156062,0.21021,30.9480250000
1,-3.00852,-0.86157,2.41045,0.165522,0.22167,30.6345500000
1,-2.36018,-1.8844,1.12833,0.166383,0.21448,30.4532000000
1,-4.06527,-1.40342,1.09819,0.163216,0.21083,30.9480250000
1,1.59392,-0.69781,-1.51853,0.157135,0.21880,22.5508000000
1,3.40016,1.03169,2.78094,0.150378,0.22661,22.8826000000
1,0.94732,0.99492,2.37271,0.155539,0.22280,22.7743000000
1,7.11853,-0.17243,0.46731,0.142369,0.19135,21.9264000000
1,6.39975,-1.0751,-1.74214,0.144841,0.22038,23.5003000000
1,3.95766,-1.16123,-2.27579,0.145270,0.21541,22.9487000000
5,3.01179,0.77469,-0.11731,0.356394,1.11059,72.2552000000
6,1.57369,0.13985,-0.18856,0.020076,-0.39713,28.1974000000
6,0.44335,0.91461,-0.00562,-0.267001,-0.14999,30.9743000000
6,-0.85822,0.35951,-0.03631,0.066630,-0.11136,36.5555000000
6,-1.01167,-1.03935,-0.27853,0.158802,0.14485,11.4873000000
6,0.14933,-1.82744,-0.47354,-0.220660,-0.18497,31.7287000000
6,1.39477,-1.25499,-0.42156,-0.233479,-0.18538,31.4746000000
7,-2.23086,-1.64599,-0.3284,-0.216938,-0.39982,-147.0795000000
6,-3.29435,-0.89692,-0.14129,-0.060836,0.05975,11.4118000000
6,-3.25405,0.49669,0.10878,-0.152842,-0.26062,42.4892000000
6,-2.0351,1.12131,0.16139,-0.157930,-0.13612,26.6584000000
8,4.08149,0.08549,0.37329,-0.425407,-0.87066,201.8214000000
8,3.2608,2.04884,-0.53657,-0.426525,-0.87131,203.6135000000
1,0.53647,1.97959,0.1978,0.156935,0.20491,22.9689000000
1,0.01026,-2.88548,-0.66331,0.155989,0.22968,22.7214000000
1,2.26775,-1.88035,-0.58951,0.154183,0.20956,23.0752000000
1,-4.25436,-1.40682,-0.18647,0.146456,0.19406,21.9824000000
1,-4.178,1.04492,0.25401,0.148635,0.22267,23.5583000000
1,-1.95758,2.18767,0.3517,0.144935,0.21608,22.8871000000
1,3.83922,-0.76435,0.75075,0.326778,0.48794,27.7872000000
1,2.50506,2.44851,-0.97525,0.325803,0.48731,27.7092000000
6,-2.48929,-0.68566,0.20247,-0.149146,-0.25669,40.7271000000
6,-1.29023,-1.33959,0.07945,-0.155193,-0.13950,27.6883000000
6,-0.09596,-0.58189,-0.00669,0.090167,-0.09366,35.2415000000
6,-0.21389,0.84049,0.04079,0.152750,0.13523,14.4738000000
6,0.9631,1.62594,-0.04257,-0.192466,-0.17152,31.8085000000
6,2.19762,1.03734,-0.16725,-0.173710,-0.24145,25.5771000000
6,2.29569,-0.37212,-0.21283,0.086917,-0.11254,28.8386000000
6,1.18728,-1.17468,-0.13586,-0.237168,-0.22458,29.0906000000
53,4.2418,-1.25849,-0.40818,-0.092347,0.11906,432.6325000000
7,-1.41378,1.47474,0.16277,-0.217488,-0.39651,-146.7948000000
6,-2.49432,0.73041,0.2391,-0.063233,0.05572,12.6375000000
1,-3.42482,-1.22985,0.27164,0.149220,0.22310,23.4322000000
1,-1.2427,-2.42414,0.04748,0.146953,0.21789,23.1107000000
1,0.85442,2.7039,-0.00472,0.161063,0.23353,22.9747000000
1,3.09116,1.64567,-0.23037,0.173641,0.23216,23.2126000000
1,1.27229,-2.2549,-0.17144,0.173583,0.22527,23.1107000000
1,-3.43848,1.26272,0.33622,0.146456,0.19448,22.0326000000
6,-2.5632,0.18233,-0.08732,-0.149580,-0.25582,43.2004000000
6,-1.51357,1.06327,-0.11322,-0.154512,-0.14125,28.2473000000
6,-0.19091,0.56307,-0.04212,0.086488,-0.09025,35.7002000000
6,-0.02633,-0.85203,0.0541,0.159639,0.13243,15.0873000000
6,1.28506,-1.38382,0.12774,-0.205836,-0.17073,31.3788000000
6,2.38119,-0.55967,0.10693,-0.152829,-0.22224,31.9467000000
6,2.19854,0.83801,0.01074,0.090728,-0.03082,24.3853000000
6,0.95121,1.3999,-0.06269,-0.227538,-0.20755,39.1800000000
17,3.62196,1.86783,-0.01504,-0.086381,0.00185,677.1904000000
7,-1.08046,-1.71375,0.07905,-0.217344,-0.39592,-147.1439000000
6,-2.2894,-1.20357,0.01022,-0.064318,0.05348,12.8057000000
1,-3.58997,0.52618,-0.13926,0.148725,0.22271,23.6292000000
1,-1.67917,2.13359,-0.18746,0.146610,0.21750,23.0152000000
1,1.38836,-2.45983,0.20053,0.160085,0.23309,22.8658000000
1,3.38491,-0.96199,0.16319,0.161990,0.23298,23.2287000000
1,0.83432,2.47484,-0.13637,0.158114,0.22641,23.3263000000
1,-3.11252,-1.91436,0.03108,0.145960,0.19415,22.1045000000
6,-2.57505,0.01178,-0.13228,-0.149194,-0.25599,41.3898000000
6,-1.57637,0.93798,-0.28462,-0.155034,-0.14062,28.1660000000
6,-0.22858,0.53219,-0.12797,0.084030,-0.09249,35.7220000000
6,0.01431,-0.83987,0.18458,0.158731,0.13444,14.9464000000
6,1.35223,-1.27693,0.34776,-0.205288,-0.17053,31.7393000000
6,2.40096,-0.40275,0.20897,-0.135135,-0.22828,29.1467000000
6,2.14136,0.95153,-0.10078,0.044593,-0.07840,26.4470000000
6,0.8648,1.42224,-0.26815,-0.200736,-0.21183,34.7352000000
35,3.62649,2.14607,-0.28895,-0.099274,0.05703,2048.1134000000
7,-0.99051,-1.74785,0.33247,-0.217277,-0.39604,-147.0486000000
6,-2.22512,-1.32538,0.17746,-0.063692,0.05478,12.8303000000
1,-3.6187,0.28353,-0.24304,0.149089,0.22295,23.5034000000
1,-1.80057,1.97349,-0.52141,0.146847,0.21775,23.0710000000
1,1.51577,-2.32157,0.58454,0.160707,0.23349,22.9545000000
1,3.42279,-0.73785,0.33414,0.168770,0.23309,23.2759500000
1,0.68365,2.46418,-0.5051,0.166430,0.22626,23.2759500000
1,-3.00745,-2.07089,0.30228,0.146434,0.19439,22.0770000000
6,5.19537,-0.44437,-0.73839,-0.482389,-0.61877,163.2458000000
6,3.74239,-0.31275,-0.36561,0.110918,-0.07794,33.3973000000
6,3.3323,0.22007,0.84809,-0.103353,-0.03049,33.5479000000
6,1.97195,0.33003,1.16461,0.089160,-0.17560,38.4745000000
6,1.0134,-0.11835,0.2269,0.064223,0.15252,24.8382000000
6,1.38515,-0.64685,-1.01249,-0.235692,-0.23239,60.2073000000
6,2.73907,-0.7352,-1.27507,-0.145114,-0.17704,35.3397000000
7,-0.21212,0.09023,0.80756,0.086596,-0.19216,17.6404000000
7,-0.09319,0.66714,2.03507,-0.217284,-0.21699,-138.3440000000
6,1.19512,0.8067,2.26353,-0.097347,-0.02303,34.2777000000
6,-1.49195,-0.161,0.19794,-0.022655,0.26026,94.2125000000
6,-2.6417,-0.11802,1.19612,-0.276175,-0.42634,155.0681000000
6,-3.96686,-0.33111,0.45432,-0.288169,-0.39689,161.8424000000
6,-4.08939,0.64789,-0.71859,-0.255144,-0.42797,159.0979000000
6,-2.84499,0.56757,-1.5967,-0.147965,-0.07237,115.1284000000
8,-1.65899,0.7996,-0.83934,-0.283132,-0.51241,241.8685000000
35,4.61573,0.83057,2.13572,-0.101949,0.04692,2187.9503000000
1,5.69654,0.52731,-0.74666,0.168938,0.22628,29.2813000000
1,5.73625,-1.0726,-0.02561,0.168227,0.22594,29.2813000000
1,5.30288,-0.88816,-1.72917,0.134930,0.21381,29.6990000000
1,0.64931,-0.95301,-1.74547,0.162427,0.22716,23.9099000000
1,3.06233,-1.13899,-2.229,0.142288,0.21445,23.8435000000
1,1.53823,1.23508,3.19295,0.159907,0.22253,23.1705000000
1,-1.44299,-1.1598,-0.26568,0.151851,0.15546,26.4317000000
1,-2.62666,0.85323,1.69304,0.179586,0.23004,29.2049000000
1,-2.48682,-0.87663,1.96701,0.163973,0.22419,29.8875000000
1,-4.80496,-0.21386,1.14623,0.151464,0.21631,29.8875000000
1,-4.01699,-1.36036,0.07642,0.149778,0.19440,30.3126500000
1,-4.18716,1.67078,-0.34006,0.148603,0.20672,30.3126500000
1,-4.98085,0.43426,-1.31731,0.142298,0.21271,30.5643000000
1,-2.78491,-0.4209,-2.08067,0.134827,0.15313,28.2583000000
1,-2.84571,1.32672,-2.3794,0.146375,0.19754,27.9445000000
6,2.16279,-0.03655,-0.01212,0.002322,0.18491,-85.0337000000
6,0.77115,0.36246,-0.18783,0.078100,-0.11971,30.4406000000
5,3.36718,1.03377,0.22932,0.569957,0.57004,103.2804000000
6,2.40137,-1.49162,-0.06663,0.066560,0.09349,-6.6501000000
6,-0.24878,-0.60402,-0.38178,-0.036621,0.00579,20.9843000000
6,0.10638,1.58127,-0.22375,-0.040915,0.08944,-2.1038000000
9,4.34342,0.93292,-0.80712,-0.374185,-0.27308,320.5094000000
9,2.86659,2.36316,0.2496,-0.389747,-0.27950,336.0720000000
9,4.01675,0.77343,1.47347,-0.374217,-0.27262,318.7772000000
6,1.39272,-2.39239,-0.25419,-0.137645,-0.14556,34.2190000000
6,3.81836,-1.97175,0.09451,-0.458935,-0.32739,156.1130000000
7,-1.42777,0.09491,-0.5204,0.154370,0.04620,-43.9450000000
6,0.00022,-1.97494,-0.40787,-0.115468,0.14656,22.3658000000
7,-1.25455,1.44727,-0.43273,-0.227044,-0.09820,-191.4399000000
6,-2.72031,-0.49957,-0.82592,0.020919,0.11520,97.4820000000
8,-3.15173,-1.3701,0.21965,-0.320621,-0.24895,240.4904000000
6,-3.79101,0.54394,-1.16308,-0.286648,-0.21310,157.0972000000
6,-3.49346,-0.67988,1.4258,-0.169929,-0.03957,121.9181000000
6,-4.32722,1.26642,0.08196,-0.318544,-0.20301,166.0054000000
6,-4.66854,0.26691,1.19501,-0.255540,-0.21382,159.6620000000
1,-5.20993,1.85858,-0.18568,0.154797,0.10903,30.1583000000
1,-3.56016,1.96166,0.42996,0.187509,0.11114,29.3874000000
1,-4.91119,0.79181,2.12678,0.151254,0.10972,30.3646000000
1,-5.54929,-0.32799,0.91981,0.149098,0.10218,30.1583000000
1,-3.73591,-1.46375,2.14635,0.154571,0.10033,28.3122000000
1,-2.62085,-0.12964,1.79861,0.161132,0.08256,28.7041000000
1,-2.57558,-1.17669,-1.6729,0.187905,0.10431,26.1117000000
1,-3.38097,1.26274,-1.87439,0.180752,0.11727,29.5578000000
1,-4.60553,0.00119,-1.65717,0.168408,0.10985,29.8810500000
1,3.88815,-3.06175,0.02685,0.129666,0.10453,29.8810500000
1,4.4593,-1.51546,-0.66453,0.200693,0.13754,28.3868500000
1,4.22329,-1.6383,1.05382,0.201046,0.13760,28.3868500000
1,1.61239,-3.45629,-0.28523,0.165324,0.11523,24.3271000000
1,-0.79859,-2.70284,-0.48413,0.211391,0.11338,23.4392000000
1,0.53129,2.56525,-0.10903,0.210287,0.12823,21.8286000000
6,-4.7167,-0.84547,1.33891,-0.504867,-0.62461,157.4503000000
6,-4.25417,-0.0002,0.15152,0.127387,0.24218,93.3848000000
8,-3.25875,-0.78979,-0.55853,-0.331751,-0.71858,132.5911000000
6,-5.41709,0.27472,-0.78944,-0.434745,-0.61815,160.3573000000
6,-3.42967,1.26565,0.57764,0.131003,0.24136,93.9932000000
6,-3.39963,2.35416,-0.49624,-0.499318,-0.62434,155.8419000000
6,-3.81132,1.85958,1.92509,-0.435017,-0.61808,160.6102000000
8,-2.08039,0.73253,0.6691,-0.357288,-0.72163,138.3090000000
5,-2.01787,-0.39339,-0.12101,0.450039,1.13659,72.3121000000
6,-0.67997,-1.09633,-0.4608,-0.158349,-0.37994,43.8571000000
6,-0.58623,-2.25971,-1.24028,0.058294,0.02456,20.3394000000
6,-1.80593,-2.94431,-1.81327,-0.462024,-0.62238,158.3412000000
6,0.68059,-2.82621,-1.51785,-0.178157,-0.20239,34.8476000000
6,1.86716,-2.29362,-1.0481,-0.203787,-0.20986,55.9243000000
6,1.77978,-1.14355,-0.26048,0.042487,0.12795,26.7036000000
6,0.53249,-0.54178,0.02271,0.102516,-0.09070,31.9965000000
6,0.87774,0.60034,0.81296,-0.120261,-0.02657,29.0090000000
7,2.17866,0.68548,0.99848,-0.237424,-0.24444,-136.9166000000
7,2.73932,-0.38916,0.3705,0.089550,-0.20985,18.4458000000
6,4.17865,-0.50449,0.206,-0.000519,0.25486,100.1631000000
8,4.61911,0.12849,-0.98648,-0.301902,-0.51154,258.7230000000
6,4.91837,1.51572,-0.79627,-0.144707,-0.08661,125.0712000000
6,6.18359,1.68061,0.06473,-0.261733,-0.42656,163.5638000000
6,6.31744,0.49141,1.03576,-0.266828,-0.39248,168.1669000000
6,4.93039,-0.00514,1.44913,-0.287400,-0.44169,160.0721000000
1,-5.51465,-0.35386,1.89965,0.164074,0.21078,30.8686666667
1,-5.09482,-1.79971,0.96799,0.164149,0.22031,30.6951000000
1,-3.89112,-1.05374,2.02193,0.168443,0.21527,30.4059250000
1,-5.08275,0.73888,-1.71628,0.158483,0.21924,30.4059250000
1,-5.91431,-0.66337,-1.04396,0.158296,0.21972,30.4059250000
1,-6.15383,0.9303,-0.3172,0.155791,0.21008,30.9522000000
1,-3.12529,1.94336,-1.46959,0.166990,0.21491,30.4059250000
1,-2.64959,3.09892,-0.2245,0.164852,0.22116,30.6186000000
1,-4.36474,2.85654,-0.59133,0.163207,0.21041,30.8686666667
1,-3.17357,2.71868,2.14251,0.158249,0.21966,30.4059250000
1,-4.84942,2.20284,1.91993,0.156159,0.20997,30.8686666667
1,-3.68731,1.13814,2.7316,0.159540,0.21958,30.4059250000
1,-2.49476,-3.26396,-1.02854,0.156414,0.22440,28.9914000000
1,-2.37578,-2.27806,-2.46371,0.159914,0.22693,28.9292000000
1,-1.51957,-3.82407,-2.39293,0.127089,0.20476,29.7767000000
1,0.72085,-3.71853,-2.13457,0.130476,0.20951,23.8927000000
1,2.81875,-2.7467,-1.30115,0.160124,0.22061,23.7538000000
1,0.21696,1.33624,1.24119,0.162190,0.22812,22.4582000000
1,4.38118,-1.56331,0.03686,0.136307,0.18595,25.7562000000
1,4.05904,2.0121,-0.33454,0.167253,0.18070,27.9248000000
1,5.04654,1.92778,-1.797,0.136991,0.19350,28.6234000000
1,7.07387,1.74784,-0.56641,0.136538,0.20560,30.1813000000
1,6.11546,2.62076,0.62216,0.137701,0.20456,30.4059250000
1,6.89918,0.7757,1.91605,0.144551,0.21246,30.1813000000
1,6.86425,-0.32157,0.54819,0.145843,0.20126,30.4059250000
1,4.36115,0.80008,1.91527,0.194976,0.23353,28.4343000000
1,4.98845,-0.81692,2.17827,0.150195,0.21993,30.1813000000
5,-4.08028,1.00146,0.16855,0.402087,1.12151,75.5426000000
6,-2.75319,0.24114,-0.14664,-0.159196,-0.37367,40.7804000000
6,-2.7049,-1.07365,-0.64064,0.044507,0.01704,21.4400000000
6,-1.45693,-1.68551,-0.91165,-0.175580,-0.20633,35.0591000000
6,-0.24348,-1.05503,-0.71802,-0.214461,-0.20870,53.4837000000
6,-0.28059,0.2481,-0.21621,0.037733,0.12093,29.3035000000
6,-1.50896,0.89448,0.0676,0.077427,-0.09650,31.6628000000
6,-1.10955,2.18507,0.54347,-0.115480,-0.03508,29.7920000000
7,0.20173,2.31517,0.55099,-0.225307,-0.22910,-140.2956000000
7,0.71293,1.14672,0.07864,0.099127,-0.19941,18.1512000000
6,2.14415,0.93463,0.14965,-0.005343,0.26381,92.5374000000
6,2.54441,0.10688,1.37048,-0.297008,-0.43641,158.2782000000
6,4.0691,-0.0915,1.42415,-0.280727,-0.40364,168.1500000000
6,4.64943,-0.3073,0.00598,-0.277793,-0.43342,162.7858000000
6,3.54471,-0.688,-0.97081,-0.129340,-0.06816,121.7357000000
8,2.55722,0.33948,-1.07504,-0.312093,-0.51363,274.9337000000
6,-3.94454,-1.89533,-0.91627,-0.451368,-0.62118,157.1086000000
8,-3.99019,2.27326,0.68518,-0.466755,-0.89634,204.6820000000
8,-5.29573,0.40736,-0.06863,-0.446126,-0.89295,200.0243000000
1,-1.45728,-2.69875,-1.30116,0.130216,0.20766,23.9131000000
1,0.68938,-1.54291,-0.96718,0.168755,0.22019,23.5580000000
1,-1.736,2.99885,0.86674,0.158496,0.22719,22.5192000000
1,2.56539,1.94179,0.22554,0.157710,0.18700,25.6310000000
1,2.17699,0.61765,2.26273,0.170054,0.23110,30.4599000000
1,2.02768,-0.85593,1.32587,0.178922,0.20774,29.6340000000
1,4.29682,-0.94431,2.06898,0.145018,0.21081,30.1683500000
1,4.5396,0.77956,1.88822,0.152949,0.20880,30.1683500000
1,5.11775,0.61203,-0.35832,0.153361,0.20758,29.9374000000
1,5.42566,-1.07786,0.00616,0.142834,0.21582,30.3450000000
1,3.92844,-0.81449,-1.98375,0.147287,0.19738,28.0405000000
1,3.07824,-1.63828,-0.6734,0.135820,0.15396,27.5429000000
1,-4.58627,-1.42304,-1.66219,0.158869,0.22563,28.9211000000
1,-3.67181,-2.88746,-1.28168,0.124707,0.20273,29.7619000000
1,-4.55866,-2.01936,-0.02251,0.157083,0.22414,28.9211000000
1,-4.82893,2.71064,0.85933,0.307339,0.48185,28.7797000000
1,-6.06274,0.94464,0.15271,0.306274,0.48164,28.7797000000
26,3.89154,9.49626,0.10615,0.521697,-0.12379,-29401.6140000000
15,4.38734,6.69045,2.37339,0.087967,0.80846,252.0523000000
6,3.55293,9.59691,2.17362,-0.253368,-0.22994,150.9075500000
1,2.58012,9.55332,2.63784,0.166963,0.23712,30.7423428571
6,4.18063,10.7909,1.71885,-0.183162,-0.22681,150.9075500000
1,3.76215,11.78595,1.77154,0.152995,0.24601,29.7747000000
6,5.43534,10.43294,1.14933,-0.211333,-0.22482,146.4202000000
1,6.15259,11.10551,0.70805,0.171406,0.24314,30.2916500000
6,5.56305,9.02024,1.22705,-0.324345,-0.23496,139.4024000000
1,6.3833,8.44133,0.83035,0.192145,0.24563,29.5119000000
6,4.41021,8.47908,1.89772,-0.018138,-0.33958,139.2499000000
15,3.96601,11.8628,-2.80774,0.082782,0.81636,246.1658000000
6,4.20841,8.98308,-1.89287,-0.353756,-0.23447,144.9795000000
1,5.16715,8.71188,-2.30662,0.190709,0.24190,30.1842000000
6,3.2973,8.07442,-1.28599,-0.134483,-0.22091,145.2597000000
1,3.46457,7.0168,-1.13933,0.160008,0.24836,29.1361000000
6,2.16446,8.81859,-0.84545,-0.234394,-0.22901,147.2234000000
1,1.30381,8.42458,-0.32854,0.163828,0.24184,29.9418000000
6,2.3833,10.18005,-1.17847,-0.205946,-0.21539,132.9241000000
1,1.71416,11.00238,-0.96935,0.159998,0.24670,30.4605500000
6,3.64325,10.30667,-1.85578,-0.048825,-0.35435,143.5119000000
6,3.66095,11.21805,-4.60578,-0.013212,-0.26930,142.2132000000
6,3.52925,12.44935,-5.52581,-0.447705,-0.61467,151.4373000000
6,4.70335,10.24739,-5.18012,-0.484982,-0.61574,159.2858000000
6,2.288,10.51496,-4.58417,-0.473427,-0.61237,153.2353000000
1,2.78009,13.15,-5.14811,0.167475,0.21527,31.0644000000
1,4.46546,12.9943,-5.64572,0.155940,0.20753,30.7423428571
1,3.21036,12.12869,-6.52431,0.146277,0.20389,31.6475000000
1,4.81278,9.35464,-4.56184,0.173358,0.21133,31.6475000000
1,4.38956,9.91308,-6.17679,0.153631,0.20573,31.8222000000
1,5.68665,10.70733,-5.2937,0.138734,0.20126,30.9964000000
1,1.98071,10.29045,-5.61189,0.151007,0.20520,32.6986000000
1,2.31046,9.57518,-4.03152,0.175350,0.21694,35.1370000000
1,1.51384,11.14777,-4.14095,0.161993,0.21243,32.7589000000
6,5.82289,12.30666,-2.57104,0.009354,-0.28361,144.0451000000
6,5.82804,13.16445,-1.28671,-0.470029,-0.61110,147.9069000000
6,6.78889,11.12338,-2.40759,-0.478598,-0.61622,154.4475000000
6,6.31276,13.20641,-3.71948,-0.514427,-0.61101,151.6810000000
1,5.29697,14.10665,-1.44095,0.167014,0.21604,29.7747000000
1,5.34719,12.65542,-0.45128,0.132210,0.20887,27.4189000000
1,6.85764,13.40174,-0.99333,0.159258,0.20313,30.2916500000
1,6.81713,10.48865,-3.29503,0.164825,0.20918,29.6576000000
1,7.80791,11.49483,-2.24181,0.155641,0.20379,30.0594000000
1,6.52348,10.49929,-1.55446,0.136704,0.21060,26.2763000000
1,7.28676,13.6329,-3.45313,0.157760,0.20781,30.5722666667
1,6.44649,12.66145,-4.65509,0.151346,0.20457,30.5722666667
1,5.63373,14.04302,-3.90369,0.178113,0.21200,30.4605500000
6,5.59314,6.75389,3.89807,0.001281,-0.25745,141.4388000000
6,5.43142,7.97501,4.81694,-0.453320,-0.61899,159.4231000000
6,5.46393,5.45849,4.71816,-0.504825,-0.61464,152.3707000000
6,7.01759,6.77398,3.30424,-0.488773,-0.61530,152.0049000000
1,5.56671,8.91042,4.27171,0.177784,0.21775,34.2502000000
1,4.45671,8.01136,5.30358,0.154779,0.20804,31.8937000000
1,6.1902,7.94414,5.60859,0.148142,0.20356,32.5223000000
1,5.54795,4.56692,4.09056,0.178938,0.21189,30.7423428571
1,6.27417,5.41382,5.45467,0.156375,0.20835,31.4076000000
1,4.5267,5.39973,5.27268,0.144676,0.20281,30.7423428571
1,7.7516,6.70126,4.11505,0.148831,0.20492,32.0307000000
1,7.18673,5.93485,2.62454,0.167496,0.21335,30.9964000000
1,7.22791,7.69819,2.76491,0.172084,0.21204,31.6475000000
6,2.61073,6.29654,3.01107,-0.037072,-0.28093,141.9750000000
6,2.15894,6.95381,4.32544,-0.470479,-0.61255,156.6120000000
6,1.62901,6.69355,1.89411,-0.515635,-0.61195,147.9069000000
6,2.52359,4.76082,3.15118,-0.443806,-0.61259,149.1725000000
1,2.73382,6.60573,5.1845,0.147204,0.20603,30.5722666667
1,2.22871,8.04248,4.29758,0.166190,0.20822,30.7423428571
1,1.10981,6.69972,4.52072,0.155903,0.20533,30.7423428571
1,1.9173,6.263,0.93187,0.177517,0.21087,28.5432000000
1,0.62993,6.31448,2.13747,0.162898,0.20821,30.0594000000
1,1.55561,7.77218,1.77158,0.141193,0.20936,26.6897000000
1,1.49438,4.47503,3.3969,0.147940,0.20434,30.7423428571
1,2.79336,4.26065,2.21775,0.167513,0.21601,29.9418000000
1,3.16562,4.365,3.93715,0.160806,0.21030,30.1842000000
26,4.3082,9.2095,0.,0.381525,-0.15828,-24288.6008000000
15,4.66948,6.71755,2.43796,0.050713,0.84431,299.7735500000
6,3.78241,9.52474,1.98685,-0.276098,-0.22094,137.1051000000
1,2.77442,9.42388,2.35979,0.177536,0.24958,30.2517000000
6,4.35952,10.70759,1.44501,-0.140027,-0.21434,136.1294000000
1,3.861,11.65965,1.33028,0.154248,0.24823,28.8859000000
6,5.68543,10.39886,1.01938,-0.204448,-0.21680,133.6753000000
1,6.36977,11.07187,0.5247,0.162073,0.24718,29.5431000000
6,5.92209,9.02293,1.28707,-0.260043,-0.21386,127.4821000000
1,6.82205,8.47473,1.04735,0.157009,0.24691,29.6856000000
6,4.74789,8.46699,1.89881,0.033348,-0.34908,129.9669000000
6,5.63279,8.03598,4.82113,-0.146761,-0.21474,30.5454000000
1,5.50187,8.97977,4.30388,0.188452,0.22440,25.9984000000
6,6.14335,8.03007,6.11937,-0.160743,-0.20667,35.9395000000
1,6.40263,8.96961,6.59797,0.144041,0.21411,24.2696000000
6,6.31921,6.82861,6.80037,-0.138505,-0.21004,39.6096000000
1,6.7164,6.82607,7.81052,0.143280,0.21381,24.2696000000
6,5.98886,5.62732,6.17366,-0.143009,-0.20788,37.6996000000
1,6.12919,4.68481,6.69391,0.142948,0.21453,23.9728000000
6,5.49055,5.63239,4.87474,-0.162707,-0.20343,27.9722000000
1,5.25304,4.68939,4.38997,0.149921,0.21608,23.6727000000
6,5.29398,6.83702,4.18322,-0.027736,-0.31640,15.4476000000
6,2.85157,6.45836,2.72423,-0.038100,-0.31630,18.6118000000
6,2.14173,7.01273,3.79754,-0.195484,-0.20404,25.2937000000
1,2.65878,7.63127,4.52342,0.193180,0.22248,24.2696000000
6,0.78003,6.76323,3.95253,-0.145706,-0.20909,35.3858000000
1,0.2445,7.1992,4.79034,0.146960,0.21585,23.6109000000
6,0.10676,5.95096,3.04072,-0.132731,-0.20246,33.6266000000
1,-0.9533,5.75396,3.16574,0.146194,0.21511,23.3026000000
6,0.80346,5.38185,1.97749,-0.142273,-0.21365,34.5415000000
1,0.28976,4.7354,1.27265,0.147426,0.21594,23.0986000000
6,2.16696,5.63022,1.82579,-0.189426,-0.20604,23.7482000000
1,2.71089,5.16658,1.00819,0.175704,0.21638,21.8286000000
15,3.94692,11.70145,-2.43796,0.050713,0.84431,299.7735500000
6,4.83399,8.89426,-1.98685,-0.276098,-0.22094,137.1051000000
1,5.84198,8.99512,-2.35979,0.177536,0.24958,30.2517000000
6,4.25688,7.71141,-1.44501,-0.140027,-0.21434,136.1294000000
1,4.75541,6.75935,-1.33028,0.154248,0.24823,28.8859000000
6,2.93097,8.02014,-1.01938,-0.204448,-0.21680,133.6753000000
1,2.24663,7.34713,-0.5247,0.162073,0.24718,29.5431000000
6,2.69431,9.39607,-1.28707,-0.260043,-0.21386,127.4821000000
1,1.79435,9.94427,-1.04735,0.157009,0.24691,29.6856000000
6,3.86851,9.95201,-1.89881,0.033348,-0.34908,129.9669000000
6,2.98361,10.38302,-4.82113,-0.146761,-0.21474,30.5454000000
1,3.11453,9.43923,-4.30388,0.188452,0.22440,25.9984000000
6,2.47305,10.38894,-6.11937,-0.160743,-0.20667,35.9395000000
1,2.21378,9.44939,-6.59797,0.144041,0.21411,24.2696000000
6,2.29719,11.59039,-6.80037,-0.138505,-0.21004,39.6096000000
1,1.9,11.59293,-7.81052,0.143280,0.21381,24.2696000000
6,2.62754,12.79168,-6.17366,-0.143009,-0.20788,37.6996000000
1,2.48721,13.73419,-6.69391,0.142948,0.21453,23.9728000000
6,3.12585,12.78662,-4.87474,-0.162707,-0.20343,27.9722000000
1,3.36336,13.72961,-4.38997,0.149921,0.21608,23.6727000000
6,3.32242,11.58198,-4.18322,-0.027736,-0.31640,15.4476000000
6,5.76483,11.96064,-2.72423,-0.038100,-0.31630,18.6118000000
6,6.47467,11.40627,-3.79754,-0.195484,-0.20404,25.2937000000
1,5.95762,10.78773,-4.52342,0.193180,0.22248,24.2696000000
6,7.83637,11.65577,-3.95253,-0.145706,-0.20909,35.3858000000
1,8.3719,11.2198,-4.79034,0.146960,0.21585,23.6109000000
6,8.50964,12.46804,-3.04072,-0.132731,-0.20246,33.6266000000
1,9.5697,12.66503,-3.16574,0.146194,0.21511,23.3026000000
6,7.81294,13.03715,-1.97749,-0.142273,-0.21365,34.5415000000
1,8.32664,13.6836,-1.27265,0.147426,0.21594,23.0986000000
6,6.44944,12.78878,-1.82579,-0.189426,-0.20604,23.7482000000
1,5.90551,13.25242,-1.00819,0.175704,0.21638,21.8286000000
