name,Atom,Coord,Mulliken_charges,NAO_charge,NMR_Shielding,HOMO_Energy,LUMO_Energy,Dipole,Volumn,Single_Energy
XPhos,"C,C,C,C,C,C,C,C,C,C,C,C,C,C,C,C,C,C,P,C,C,C,C,C,C,C,C,C,C,C,C,C,C,C,H,H,H,H,H,H,H,H,H,H,H,H,H,H,H,H,H,H,H,H,H,H,H,H,H,H,H,H,H,H,H,H,H,H,H,H,H,H,H,H,H,H,H,H,H,H,H,H,H","5.85131,0.92139,2.43877,4.54559,1.72781,2.32786,3.86299,1.86562,3.69984,3.60353,1.14905,1.28283,3.24845,1.88094,0.15716,2.37581,1.40417,-0.83306,1.78486,0.12856,-0.64807,2.18347,-0.65753,0.46289,3.07473,-0.13454,1.39858,1.74549,-2.11192,0.61723,2.81736,-3.05742,0.03968,1.40303,-2.50235,2.06351,0.79817,-0.42444,-1.65012,1.31641,-0.91297,-2.85976,0.49725,-1.35,-3.89457,-0.88462,-1.30211,-3.73865,-1.41626,-0.87685,-2.52601,-0.60828,-0.46265,-1.45529,-1.3708,-0.15115,0.23367,-2.5379,-1.65497,0.34335,-1.83855,-3.0146,0.1936,-2.87226,-4.15758,0.06945,-4.13122,-3.91605,0.93488,-3.79744,-3.02639,2.13541,-3.33304,-1.62388,1.68019,-2.70172,1.18731,-0.05941,-3.105,1.82418,1.30356,-3.70788,3.24091,1.15461,-4.47074,3.38423,-0.16467,-3.51321,3.2107,-1.36496,-2.30608,2.30054,-1.03707,2.27642,2.33047,-2.0606,3.35078,1.97558,-3.11059,0.91321,2.539,-2.72897,5.6647,-0.09703,2.79221,6.54094,1.39345,3.14538,6.35601,0.84844,1.47197,4.8133,2.73738,1.99302,2.95202,2.46538,3.63059,4.53169,2.34658,4.42054,3.58499,0.88923,4.10746,3.67846,2.87135,0.0277,3.36346,-0.74919,2.24398,0.84332,-2.25723,0.02349,3.02184,-2.83569,-1.01063,3.76,-2.96595,0.58779,2.491,-4.10047,0.10468,0.67451,-1.81349,2.49709,2.28453,-2.51299,2.71064,0.97961,-3.51068,2.09286,2.39283,-0.94016,-2.98545,0.93638,-1.71594,-4.81743,-1.54328,-1.61436,-4.54325,-2.49517,-0.88117,-2.4072,-3.25646,-1.56499,-0.48047,-1.18383,-3.0301,-0.67978,-1.19921,-3.18566,1.06432,-2.39378,-5.09954,0.35891,-3.16369,-4.27637,-0.97968,-4.55708,-4.86914,1.26322,-4.91062,-3.42786,0.3377,-4.66025,-2.92906,2.80184,-3.01075,-3.50595,2.72926,-4.20871,-0.9794,1.56112,-2.72595,-1.17358,2.47293,-3.57477,0.67383,-0.48164,-3.82544,1.17629,1.80871,-2.23047,1.87239,1.95998,-4.35932,3.45499,2.00775,-2.91081,3.99291,1.18912,-4.97791,4.35246,-0.21906,-5.26261,2.6267,-0.20221,-3.14065,4.18807,-1.69056,-4.06282,2.79729,-2.21756,-1.90215,1.88676,-1.96103,-1.50321,2.89531,-0.58808,2.55863,3.31693,-1.67525,4.33809,1.87434,-2.65312,3.41055,2.76195,-3.8701,3.12104,1.0412,-3.626,0.54702,1.6546,-3.24894,0.99872,3.34146,-3.46912,0.1614,2.84332,-2.00287","-0.417834
,-0.234109
,-0.415865
,0.109114
,-0.189081
,0.113344
,0.059964
,0.136402
,-0.262419
,-0.272666
,-0.402080
,-0.462562
,0.160323
,-0.280584
,-0.107589
,-0.155836
,-0.182772
,-0.221658
,0.185792
,-0.193569
,-0.398631
,-0.275523
,-0.278903
,-0.261110
,-0.375138
,-0.184080
,-0.334237
,-0.265206
,-0.280377
,-0.263626
,-0.425277
,-0.203653
,-0.412008
,-0.442433
,0.138342
,0.142622
,0.149517
,0.123483
,0.151560
,0.141235
,0.140203
,0.141112
,0.186521
,0.118192
,0.141893
,0.146181
,0.143487
,0.176152
,0.145876
,0.153694
,0.197104
,0.145425
,0.143182
,0.167750
,0.167091
,0.190823
,0.172126
,0.142482
,0.141848
,0.144617
,0.142252
,0.144575
,0.149764
,0.154636
,0.169415
,0.169538
,0.150861
,0.164344
,0.144141
,0.148576
,0.144408
,0.141339
,0.142472
,0.139195
,0.180204
,0.187199
,0.129224
,0.151471
,0.143651
,0.133594
,0.156939
,0.151891
,0.141681
","-0.59073,-0.22933,-0.59057,0.00479,-0.21668,0.01916,-0.06890,0.03628,-0.22948,-0.24804,-0.58743,-0.60040,-0.01493,-0.21777,-0.20144,-0.21872,-0.21118,-0.30451,0.79889,-0.46909,-0.41579,-0.39353,-0.40104,-0.39606,-0.40778,-0.47297,-0.40769,-0.39774,-0.40069,-0.39413,-0.41038,-0.22817,-0.59027,-0.60108,0.19972,0.20488,0.21066,0.19790,0.21222,0.20408,0.20072,0.19972,0.20367,0.21804,0.20890,0.20159,0.20387,0.22071,0.19788,0.20548,0.21700,0.21646,0.21590,0.20770,0.19502,0.21756,0.19925,0.20295,0.20079,0.20926,0.19232,0.20992,0.19458,0.19858,0.21021,0.19877,0.20376,0.21324,0.20986,0.19419,0.20906,0.19194,0.20318,0.20022,0.22051,0.19521,0.19912,0.20943,0.20397,0.20061,0.20973,0.20563,0.21144","159.1519000000,147.5596000000,157.7729000000,11.7223000000,34.3470000000,12.0059000000,23.6952000000,11.1825000000,44.3720000000,150.9451000000,157.3299500000,162.1214000000,6.2781000000,29.3276000000,37.7295000000,36.3729000000,29.1280000000,17.0652000000,283.9985000000,139.1145000000,161.0425000000,162.4642000000,165.5849000000,162.9146000000,155.5046000000,142.8317000000,153.1723000000,166.4198000000,165.5849000000,163.0372000000,157.3299500000,140.2083000000,154.8234000000,163.9726000000,30.5818625000,30.5818625000,30.5818625000,29.1314000000,30.5818625000,30.5818625000,30.5818625000,24.2290000000,23.9170000000,29.3771000000,31.1183000000,31.3055500000,31.1978000000,30.5818625000,30.5818625000,30.9547666667,23.7036000000,23.7883000000,23.6112000000,23.4666000000,30.1327000000,31.3055500000,30.8377000000,30.5818625000,30.5818625000,30.5818625000,30.5818625000,30.5818625000,30.5818625000,30.1884000000,30.5818625000,30.2967000000,30.1884000000,30.5818625000,30.5818625000,30.5818625000,30.5818625000,30.5818625000,30.5818625000,30.5818625000,30.5818625000,30.9547666667,28.9323000000,30.8377000000,30.9547666667,30.5818625000,32.5989000000,31.4672000000,31.0674000000",-0.26247,-0.00287,1.22,4608.561,-1628.249656
THF_V2,"C,C,C,O,C,H,H,H,H,H,H,H,H","1.05773,-0.08151,0.18434,-0.05133,-1.04474,-0.25551,-1.3065,-0.28363,0.17816,-0.99131,1.10938,0.07021,0.41901,1.27681,-0.11534,1.24853,-0.18726,1.2567,2.00107,-0.23289,-0.34431,-0.03545,-1.17027,-1.34249,0.02435,-2.03373,0.20103,-1.5681,-0.51598,1.21917,-2.17755,-0.49336,-0.44813,0.61389,1.58371,-1.15165,0.76557,2.07356,0.54802","-0.294123
,-0.294133
,-0.051427
,-0.326108
,-0.051434
,0.142089
,0.137964
,0.142090
,0.137965
,0.112084
,0.116472
,0.112084
,0.116477
","-0.43152,-0.43153,-0.07391,-0.50958,-0.07391,0.20166,0.21631,0.20166,0.21631,0.16102,0.18124,0.16101,0.18125","155.8810500000,155.8810500000,113.7590000000,289.4561000000,113.7590000000,30.1464750000,30.1464750000,30.1464750000,30.1464750000,28.3646500000,28.0190000000,28.3646500000,28.0190000000",-0.3179,0.0659,1.8729,758.544,-232.4302351
THF,"C,C,C,O,C,H,H,H,H,H,H,H,H","1.00578,0.37432,0.09268,0.23426,-0.83182,0.64157,-0.95568,-0.89686,-0.31926,-1.21749,0.4502,-0.73025,-0.13724,1.3005,-0.32899,1.6013,0.08,-0.77696,1.67578,0.83201,0.82336,-0.10699,-0.63098,1.66174,0.81932,-1.75365,0.65543,-0.71647,-1.50389,-1.20255,-1.86032,-1.30376,0.14023,0.12104,1.95352,-1.16666,-0.46328,1.93032,0.50968","-0.293516
,-0.294780
,-0.051063
,-0.326102
,-0.051814
,0.142027
,0.137890
,0.142172
,0.138044
,0.112157
,0.116251
,0.116719
,0.112014
","-0.43143,-0.43162,-0.07401,-0.50958,-0.07381,0.20168,0.21627,0.20163,0.21634,0.16129,0.18102,0.18148,0.16073","155.8777000000,155.8777000000,113.7964000000,289.4596000000,113.7273000000,30.1468500000,30.1468500000,30.1468500000,30.1468500000,28.3652500000,28.0192000000,28.0192000000,28.3652500000",-0.3179,0.06591,1.8729,725.552,-232.4302361
SPhos,"C,O,C,C,C,C,C,C,O,C,C,C,C,C,C,C,P,C,C,C,C,C,C,C,C,C,C,C,C,H,H,H,H,H,H,H,H,H,H,H,H,H,H,H,H,H,H,H,H,H,H,H,H,H,H,H,H,H,H,H,H,H,H,H","2.63067,-3.08578,1.02026,2.392,-1.89321,0.29409,2.7773,-0.71037,0.84577,2.43636,0.43687,0.11228,2.83968,1.6874,0.60153,3.52658,1.79998,1.81455,3.82647,0.64632,2.52853,3.4647,-0.61015,2.05825,2.49834,2.75852,-0.172,2.82862,4.05582,0.28763,1.69377,0.31435,-1.17453,2.3679,0.60662,-2.36379,1.74653,0.45938,-3.59755,0.43375,0.00089,-3.65308,-0.24911,-0.27991,-2.47447,0.35066,-0.11146,-1.21915,-0.54209,-0.42045,0.38287,-1.76293,-1.75166,-0.11445,-2.78228,-1.96464,1.02885,-3.38002,-3.37339,0.97298,-2.29879,-4.44412,1.23389,-0.90349,-3.9712,0.77919,-0.99916,-3.06168,-0.44756,-1.66071,1.09326,0.5119,-0.81222,2.37433,0.7494,-0.71754,3.23362,-0.51336,-2.10696,3.74144,-0.95063,-3.22427,2.73266,-0.60955,-2.68328,1.29947,-0.62198,3.70204,-3.25436,1.17078,2.22135,-3.8891,0.4119,2.12188,-3.07079,1.9886,3.82442,2.76429,2.20239,4.35728,0.72821,3.47125,3.71681,-1.49047,2.63311,2.46266,4.74096,-0.47427,2.3401,4.27919,1.24188,3.91114,4.17992,0.39615,3.39718,0.94359,-2.31051,2.2883,0.68721,-4.50983,-0.05911,-0.13855,-4.61012,-1.26665,-0.64346,-2.5411,-2.32296,-1.44169,-1.00026,-3.57111,-1.21054,0.96706,-2.29949,-1.8197,2.00328,-4.19681,-3.47345,1.69392,-3.82769,-3.52552,-0.01574,-2.56744,-5.36868,0.71239,-2.26908,-4.69223,2.2999,-0.26306,-4.83365,0.57062,-0.41523,-3.41639,1.58683,-1.52335,-3.59413,-1.24969,-0.00462,-2.83425,-0.838,-2.22044,0.89301,1.43283,0.18577,2.11344,1.10644,-1.2721,2.96701,1.54886,-0.04591,4.07851,-0.34156,-0.25575,2.64543,-1.30969,-2.32419,4.70159,-0.47042,-2.09797,3.93448,-2.02838,-3.63734,2.94793,0.38294,-4.05702,2.83485,-1.31229,-3.50106,0.58065,-0.5245,-2.22095,1.11369,-1.59469","-0.359854
,-0.274115
,0.352518
,-0.171140
,0.271777
,-0.248795
,-0.151991
,-0.280363
,-0.270357
,-0.358365
,0.163612
,-0.167595
,-0.130277
,-0.179017
,-0.174758
,-0.127745
,0.118394
,-0.220538
,-0.339522
,-0.287795
,-0.267878
,-0.335036
,-0.324888
,-0.170016
,-0.341924
,-0.308876
,-0.263922
,-0.297096
,-0.332963
,0.160817
,0.161055
,0.172094
,0.156785
,0.141089
,0.155180
,0.164494
,0.170400
,0.158509
,0.145679
,0.139431
,0.139865
,0.178111
,0.172480
,0.151749
,0.171156
,0.144846
,0.148001
,0.139646
,0.138574
,0.148357
,0.167631
,0.158268
,0.199038
,0.169000
,0.178859
,0.153995
,0.133056
,0.186582
,0.136202
,0.138981
,0.147751
,0.141976
,0.148894
,0.159973
","-0.24948,-0.47738,0.34668,-0.15082,0.32659,-0.33281,-0.16461,-0.32733,-0.47965,-0.25120,-0.02045,-0.18527,-0.20322,-0.21456,-0.21507,-0.30371,0.82816,-0.49726,-0.40730,-0.39648,-0.39816,-0.40424,-0.41244,-0.48456,-0.40705,-0.40177,-0.39906,-0.39550,-0.41496,0.17216,0.19674,0.17656,0.21924,0.21319,0.21947,0.19737,0.17315,0.17312,0.21513,0.21303,0.21241,0.20710,0.20676,0.21015,0.19650,0.20908,0.19301,0.20009,0.20065,0.20653,0.20090,0.20025,0.22275,0.22245,0.21701,0.19859,0.20566,0.21026,0.19770,0.20092,0.19100,0.20703,0.20654,0.20039","129.0787000000,218.6410000000,6.6988000000,44.7921000000,6.3810000000,66.9528000000,35.3095000000,66.4360000000,226.3464000000,130.7855000000,16.7719000000,30.9433000000,37.3469000000,38.7182000000,30.3047000000,21.9683000000,300.6237000000,157.0963000000,160.2490000000,164.8033000000,162.6731000000,164.4055000000,163.6522000000,154.5057000000,161.2754000000,165.4607500000,164.0957000000,163.7045000000,165.4607500000,28.4563000000,28.2817666667,28.3690000000,24.6078000000,23.6929000000,24.7058000000,28.2817666667,28.5649000000,28.2817666667,23.9539000000,23.8962000000,23.7903000000,23.3819000000,29.5925000000,30.4305400000,30.7251600000,30.4305400000,30.5599833333,30.5599833333,30.4305400000,30.7251600000,30.4305400000,30.5599833333,30.7251600000,30.5599833333,30.9066500000,30.7251600000,31.2819000000,31.9688000000,30.7251600000,30.8478000000,30.9066500000,30.5599833333,30.5599833333,30.4305400000",-0.25073,0.01099,0.9152,3601.859,-1503.545621
P(tBu)3,"P,C,C,H,H,H,C,H,H,H,C,H,H,H,C,C,H,H,H,C,H,H,H,C,H,H,H,C,C,H,H,H,C,H,H,H,C,H,H,H","-0.15786,-1.59874,-1.25227,-0.49762,0.25543,-1.74924,-0.64008,0.58228,-3.24706,-1.49279,0.08301,-3.70783,0.25003,0.31989,-3.8202,-0.79951,1.66059,-3.37311,-1.78945,0.67921,-1.01019,-1.71239,0.48868,0.06289,-1.94628,1.75564,-1.14652,-2.68328,0.1771,-1.37315,0.61532,1.14996,-1.16459,1.56798,1.04482,-1.68253,0.7765,0.96091,-0.10064,0.31331,2.19856,-1.26442,-1.27887,-2.72836,-2.37849,-2.72634,-2.1962,-2.34937,-3.38599,-2.94219,-2.80663,-2.85607,-1.27217,-2.91153,-3.08218,-2.03419,-1.32918,-1.34052,-4.11205,-1.68925,-0.39353,-4.64669,-1.70043,-2.07249,-4.74164,-2.20863,-1.65973,-4.02162,-0.64822,-0.86097,-2.90994,-3.84829,0.10595,-3.4027,-3.95258,-0.81363,-1.96433,-4.38961,-1.59537,-3.54165,-4.36345,1.70204,-1.99493,-1.68436,2.25957,-1.45005,-3.01131,3.30111,-1.77332,-3.13197,2.2617,-0.36063,-3.05043,1.70687,-1.81364,-3.87823,2.5508,-1.44973,-0.5115,2.19938,-1.84083,0.44622,2.55479,-0.36422,-0.44512,3.59166,-1.76903,-0.64015,1.91375,-3.52289,-1.66297,1.52681,-3.97754,-0.74797,2.98925,-3.73043,-1.69675,1.46695,-4.03077,-2.51693","0.109962
,-0.034659
,-0.456621
,0.140815
,0.167735
,0.153023
,-0.447801
,0.169633
,0.144571
,0.158972
,-0.520832
,0.149147
,0.181768
,0.157645
,-0.035523
,-0.520489
,0.157632
,0.149090
,0.181764
,-0.447608
,0.158826
,0.144662
,0.169706
,-0.456334
,0.140524
,0.167875
,0.153038
,-0.034910
,-0.456057
,0.152967
,0.140364
,0.167744
,-0.447621
,0.169468
,0.158949
,0.144524
,-0.520198
,0.181621
,0.157688
,0.148939
","0.76242,-0.27543,-0.61882,0.20354,0.20964,0.20414,-0.61560,0.21639,0.20170,0.20993,-0.61190,0.20261,0.21298,0.20638,-0.27526,-0.61204,0.20646,0.20267,0.21300,-0.61559,0.20993,0.20173,0.21645,-0.61873,0.20351,0.20967,0.20417,-0.27493,-0.61862,0.20410,0.20342,0.20961,-0.61556,0.21636,0.20994,0.20168,-0.61199,0.21299,0.20642,0.20260","207.2385000000,142.3188000000,157.3060000000,30.3372777778,30.3372777778,31.1613666667,148.3819000000,30.6500333333,31.3914000000,30.3372777778,149.0482000000,30.5201333333,30.6500333333,31.2527666667,140.5020000000,148.6704000000,31.2527666667,30.5201333333,30.6500333333,147.8514000000,30.3372777778,31.3914000000,30.6500333333,156.9666000000,30.3372777778,30.3372777778,31.1613666667,141.3225000000,157.2274000000,31.1613666667,30.3372777778,30.3372777778,148.1296000000,30.6500333333,30.3372777778,31.3914000000,149.3866000000,30.6500333333,31.2527666667,30.5201333333",-0.25509,0.05864,1.0779,2170.401,-814.7993871
P(Ph)3 ,"P,C,C,C,C,C,C,H,H,H,H,H,C,C,C,C,C,C,H,H,H,H,H,C,C,C,C,C,C,H,H,H,H,H","-0.78995,0.33495,-1.3606,-0.39522,2.01266,-0.67777,0.5906,2.75377,-1.34599,0.9451,4.02708,-0.90949,0.30396,4.59101,0.19254,-0.68803,3.87181,0.85483,-1.03408,2.59107,0.42567,1.08184,2.32987,-2.21723,1.71352,4.58371,-1.43692,0.57169,5.58791,0.52817,-1.19596,4.30675,1.71023,-1.8082,2.04275,0.95072,-3.6867,-1.12268,1.26905,-2.44929,-0.8268,0.69847,-2.37074,-0.08988,-0.48948,-3.56258,0.33414,-1.09552,-4.79721,0.04937,-0.51915,-4.86235,-0.68308,0.66526,-3.72989,-1.69794,2.18888,-1.54229,-1.17582,1.17923,-3.5217,0.88878,-2.02867,-5.70884,0.38918,-1.00075,-5.82452,-0.91516,1.11083,0.62193,-2.04001,-1.01192,1.53227,-2.9196,-0.43291,2.29681,-2.51362,0.65981,2.14071,-1.22695,1.16997,1.21952,-0.3502,0.59821,0.44388,-0.7472,-0.49782,0.04382,-2.35802,-1.87488,1.65316,-3.91779,-0.84213,3.01464,-3.1944,1.10639,2.73661,-0.90192,2.01738,1.1083,0.64825,1.00607","0.111367
,-0.105367
,-0.131000
,-0.147495
,-0.132517
,-0.155149
,-0.137855
,0.153234
,0.144855
,0.145126
,0.145012
,0.184032
,-0.155115
,-0.137816
,-0.106276
,-0.130800
,-0.146888
,-0.132685
,0.145110
,0.183900
,0.153201
,0.144732
,0.144890
,-0.130670
,-0.147693
,-0.133056
,-0.154387
,-0.138072
,-0.105318
,0.153546
,0.144741
,0.145160
,0.145266
,0.183991
","0.81917,-0.32238,-0.20283,-0.20931,-0.20715,-0.20804,-0.21099,0.21858,0.21563,0.21462,0.21509,0.22357,-0.20803,-0.21087,-0.32228,-0.20292,-0.20934,-0.20707,0.21509,0.22358,0.21859,0.21563,0.21458,-0.20271,-0.20944,-0.20702,-0.20812,-0.21088,-0.32240,0.21864,0.21566,0.21464,0.21512,0.22358","283.5432000000,19.0926000000,26.8964000000,36.0175000000,34.7773000000,34.7773000000,28.4565500000,23.3643333333,23.6120166667,23.6120166667,23.8041000000,24.4655333333,34.7773000000,29.3396000000,19.4395500000,26.6594000000,34.7773000000,34.9872000000,23.8041000000,24.4655333333,23.3643333333,23.6120166667,23.6120166667,26.6594000000,35.6078000000,34.3488000000,35.1488000000,28.4565500000,19.4395500000,23.3643333333,23.6120166667,23.6120166667,23.8041000000,24.4655333333",-0.26544,-0.00044,1.3795,2343.769,-1036.244671
Potassium quinoline-6-trifluoroborate,"C,C,C,C,C,C,H,H,C,H,C,C,H,H,H,N,B,F,F,F,K","-4.34827,-0.08531,0.33809,-3.19844,-0.81878,0.50439,-1.93041,-0.24439,0.23057,-1.88084,1.11302,-0.21485,-3.09545,1.83131,-0.38284,-4.33025,1.27009,-0.11227,-5.30894,-0.54346,0.55488,-3.21713,-1.84685,0.85108,-0.60166,1.66676,-0.46542,-3.04215,2.86707,-0.71256,0.51714,0.89297,-0.28138,0.35371,-0.44443,0.15342,-0.52079,2.70047,-0.79169,1.51311,1.28568,-0.45718,1.23037,-1.07284,0.30184,-0.8101,-1.00381,0.4021,-5.71901,2.08792,-0.33142,-6.29616,2.59136,0.80951,-6.65131,1.19345,-1.01358,-5.47791,3.15292,-1.29532,-5.22051,1.36466,-3.13469","-0.161001
,-0.209849
,0.168792
,0.148104
,-0.289401
,-0.241875
,0.158734
,0.148552
,-0.169423
,0.185252
,-0.156761
,-0.070456
,0.144282
,0.143384
,0.140577
,-0.216416
,0.562738
,-0.342349
,-0.425710
,-0.424748
,0.907573
","-0.19026,-0.19855,0.13192,-0.10939,-0.20455,-0.35717,0.22209,0.22453,-0.14421,0.21384,-0.26841,0.04732,0.21298,0.21885,0.19030,-0.40285,1.16556,-0.52762,-0.59487,-0.59337,0.96386","26.3480000000,32.6027000000,12.9174000000,36.2068000000,34.5397000000,9.7292000000,22.7043000000,22.7951000000,27.5519000000,22.8693000000,44.8566000000,14.1407000000,22.9852000000,23.7806000000,22.1382000000,-146.2422000000,100.6342000000,332.0933000000,321.0578000000,329.8420000000,1290.5202000000",-0.27996,-0.05202,10.5498,1539.472,-1325.905577
P(o-Tol)3,"C,C,C,C,C,C,C,P,C,C,C,C,C,C,C,C,C,C,C,C,C,C,H,H,H,H,H,H,H,H,H,H,H,H,H,H,H,H,H,H,H,H,H","0.63807,1.50904,1.67229,-0.15744,2.2181,0.60574,-0.4266,3.58067,0.7753,-1.16092,4.3105,-0.15397,-1.65038,3.68042,-1.29218,-1.38342,2.32976,-1.48603,-0.64704,1.58129,-0.55686,-0.40667,-0.18301,-1.06111,1.30351,-0.58192,-0.48658,1.55468,-1.52021,0.52032,2.85354,-1.84476,0.89492,3.92772,-1.22567,0.26325,3.68845,-0.29459,-0.74237,2.39058,0.03725,-1.14015,2.18318,1.06127,-2.22648,-1.48082,-1.12788,0.10287,-2.23154,-0.49323,1.09895,-3.09748,-1.21233,1.91685,-3.22654,-2.586,1.74397,-2.50118,-3.22383,0.7421,-1.63416,-2.51921,-0.09626,-0.89162,-3.25082,-1.18525,0.21611,0.53647,1.9222,1.66791,1.33094,1.35482,0.6683,2.10879,2.58407,-0.05374,4.07801,1.66583,-1.35038,5.36562,0.01484,-2.22725,4.2332,-2.02601,-1.74611,1.83521,-2.38144,0.72221,-1.98415,1.03663,3.02309,-2.57179,1.68248,4.94646,-1.46718,0.54824,4.52716,0.18615,-1.23733,3.11729,1.27027,-2.75095,1.80638,2.0056,-1.82297,1.44838,0.72162,-2.96208,-2.14633,0.57842,1.22969,-3.66753,-0.69823,2.68377,-3.89683,-3.15877,2.37648,-2.61708,-4.2937,0.59585,-0.99814,-2.74292,-2.14788,0.18103,-3.30831,-0.9802,-1.26475,-4.27043,-1.29525","-0.459538
,0.057954
,-0.156357
,-0.129816
,-0.172038
,-0.066659
,-0.165634
,0.085429
,-0.058203
,-0.239314
,-0.167467
,-0.136553
,-0.159249
,0.084695
,-0.514266
,-0.029845
,-0.138516
,-0.186635
,-0.138668
,-0.142089
,0.002377
,-0.494170
,0.176156
,0.178163
,0.141574
,0.136131
,0.143958
,0.144694
,0.154216
,0.206609
,0.143734
,0.141391
,0.133225
,0.140053
,0.183149
,0.181183
,0.203959
,0.142615
,0.141707
,0.134064
,0.175346
,0.183934
,0.138702
","-0.63014,-0.01105,-0.21244,-0.19349,-0.22275,-0.19302,-0.32952,0.82403,-0.31493,-0.21496,-0.21932,-0.20534,-0.20825,-0.02001,-0.63508,-0.32782,-0.20446,-0.21659,-0.20118,-0.20895,-0.01416,-0.63930,0.22610,0.23076,0.21336,0.21024,0.21458,0.21636,0.22028,0.22167,0.21492,0.21409,0.21020,0.21619,0.22718,0.22757,0.22174,0.21475,0.21383,0.21007,0.23065,0.22799,0.21622","160.1992000000,13.5732000000,32.8434000000,32.3902000000,37.8439000000,22.0112000000,26.5290000000,296.9701000000,22.8274000000,31.5108000000,39.6538000000,37.1246000000,34.2893000000,18.4071000000,162.4198000000,24.7254000000,29.7036000000,38.4446000000,37.3354000000,32.1529000000,15.9524000000,163.2813000000,30.0864000000,31.1047000000,30.2459000000,23.8994000000,23.6039500000,23.6871500000,23.0570000000,24.1915000000,24.1225000000,24.0397000000,24.0397000000,29.9011000000,30.4772000000,29.1773000000,24.1915000000,23.8994000000,23.6871500000,23.6039500000,28.9533000000,29.5413000000,29.7367000000",-0.2595,-0.00135,1.0244,2682.824,-1154.176925
P(Cy)3,"C,C,C,C,C,C,P,C,C,C,C,C,C,C,C,C,C,C,C,H,H,H,H,H,H,H,H,H,H,H,H,H,H,H,H,H,H,H,H,H,H,H,H,H,H,H,H,H,H,H,H,H","-3.90799,-2.61003,0.47664,-4.08881,-1.89717,-0.88082,-3.0266,-0.80211,-1.11301,-1.67547,-1.17973,-0.47805,-1.82686,-1.29561,1.06071,-3.26124,-1.66806,1.49234,-0.33757,-0.05371,-1.17334,1.25032,-0.94035,-0.69784,2.47361,-0.18147,-1.24537,3.7258,-1.08025,-1.28206,3.78472,-2.05823,-0.08609,2.98809,-1.51796,1.10309,1.49035,-1.42513,0.7574,-0.54466,1.51782,-0.12619,-0.54042,2.76277,-1.05551,0.83506,3.42941,-1.09187,1.20846,3.99593,0.29634,0.53707,3.20496,1.43784,0.41149,1.72312,1.07197,-3.26786,-3.49185,0.35587,-4.86946,-2.98172,0.84241,-4.04101,-2.63178,-1.69104,-5.08529,-1.44655,-0.93534,-3.36863,0.1462,-0.68224,-2.90528,-0.61794,-2.18295,-1.40009,-2.16501,-0.87671,-1.54553,-0.36037,1.55038,-1.1323,-2.05201,1.43133,-3.87387,-0.76338,1.58128,-3.2404,-2.11914,2.4891,1.15591,-1.83625,-1.32741,2.67121,0.69654,-0.62426,2.26137,0.20191,-2.24698,4.61811,-0.44588,-1.2924,3.7434,-1.64519,-2.2196,3.36267,-3.02811,-0.37484,4.82371,-2.25288,0.19458,3.37167,-0.52831,1.37831,3.12449,-2.15156,1.98489,1.03946,-2.41553,0.86972,0.99169,-0.7844,1.48146,-1.56065,1.42305,0.27186,-1.27705,3.48969,-0.69316,-0.85968,2.47999,-2.06095,1.57796,2.69072,-1.41101,0.85792,4.2225,-1.84442,0.9158,5.04868,0.36233,2.29608,3.97327,0.42196,1.10839,3.31976,2.36405,-0.45957,3.61102,1.64424,0.06256,1.14526,1.93106,1.40903,1.34496,0.84216","-0.281898
,-0.272539
,-0.348541
,-0.195870
,-0.375302
,-0.256144
,0.184376
,-0.160397
,-0.390024
,-0.268374
,-0.281934
,-0.241668
,-0.404503
,-0.274958
,-0.241746
,-0.317815
,-0.274957
,-0.286021
,-0.324612
,0.144126
,0.143280
,0.142625
,0.140468
,0.165197
,0.161959
,0.164780
,0.157515
,0.157824
,0.146867
,0.142966
,0.162923
,0.158845
,0.174173
,0.139461
,0.146286
,0.144201
,0.143171
,0.147920
,0.143427
,0.164133
,0.176072
,0.157731
,0.151286
,0.160060
,0.155960
,0.144538
,0.140328
,0.140899
,0.143407
,0.154630
,0.159368
,0.136500
","-0.40029,-0.39571,-0.40744,-0.49437,-0.40750,-0.39803,0.80995,-0.50480,-0.40969,-0.39614,-0.40121,-0.39765,-0.40915,-0.49593,-0.40568,-0.40474,-0.39877,-0.39925,-0.40622,0.19199,0.20908,0.20142,0.20195,0.18953,0.22052,0.21297,0.19749,0.20657,0.19139,0.20909,0.21720,0.19272,0.22090,0.20240,0.20157,0.19260,0.20913,0.19129,0.20981,0.20074,0.20704,0.21817,0.19502,0.22007,0.19589,0.21109,0.20212,0.19976,0.20899,0.19290,0.20952,0.19170","165.5606000000,163.3072000000,157.9115500000,149.5945000000,156.0061000000,163.6840000000,238.5890000000,148.3399000000,157.9115500000,162.4430000000,166.9097500000,164.4082000000,154.3465000000,152.2452000000,154.2958000000,166.9097500000,164.0013000000,163.8615000000,156.9699000000,30.6505571429,30.3875913043,30.3875913043,30.3875913043,30.6505571429,30.3875913043,30.3875913043,30.3875913043,30.0925500000,30.6505571429,30.3875913043,30.3875913043,30.3875913043,30.3875913043,30.3875913043,30.3875913043,30.6505571429,30.3875913043,30.3875913043,30.6505571429,30.3875913043,29.9333000000,30.3875913043,30.0925500000,30.3875913043,30.6505571429,30.3875913043,30.3875913043,30.3875913043,30.3875913043,30.6505571429,30.3875913043,30.3875913043",-0.25369,0.04915,1.2603,2835.028,-1047.042549
NaOH,"Na,O,H","4.17514,0.48815,0.,2.33927,-0.07481,0.,1.42549,-0.35333,0.","0.786894
,-1.068255
,0.281361
","0.95144,-1.39153,0.44009","574.0636000000,374.5511000000,34.3864000000",-0.2495,-0.04716,6.3011,253.093,-238.1030056
NaHCO3,"Na,O,O,O,C,H","5.7194,-0.41089,0.,4.34732,1.30252,0.,2.14411,0.95292,0.,3.55225,-0.7975,0.,3.41744,0.46338,0.,1.56639,0.17958,0.","0.799293
,-0.597029
,-0.431957
,-0.643988
,0.546207
,0.327473
","0.94571,-0.81827,-0.70083,-0.86388,0.95435,0.48292","573.1631000000,80.2010000000,145.1766000000,76.6441000000,4.0257000000,27.0125000000",-0.31965,-0.04984,6.7633,550.202,-426.7617697
MeOH_V2,"C,O,H,H,H,H","-0.35781,-0.02745,-0.01914,0.99508,-0.40826,-0.21412,-0.62133,0.05735,1.04387,-0.97186,-0.8133,-0.45988,-0.60386,0.91968,-0.51815,1.55978,0.27198,0.16722","-0.210921
,-0.477116
,0.120211
,0.134576
,0.120214
,0.313036
","-0.24912,-0.69808,0.15609,0.18038,0.15610,0.45463","133.3665000000,332.5834000000,28.4533000000,28.5624000000,28.4533000000,32.4491000000",-0.35384,0.06231,1.7468,345.176,-115.7151199
MeOH,"C,O,H,H,H,H","-0.35639,-0.00126,0.04575,1.00982,-0.08995,0.41805,-0.93948,-0.14732,0.95522,-0.61498,0.98077,-0.37311,-0.64664,-0.7776,-0.67521,1.54767,0.03525,-0.37061","-0.210922
,-0.477033
,0.134558
,0.120189
,0.120195
,0.313013
","-0.24910,-0.69801,0.18037,0.15608,0.15607,0.45460","133.3783000000,332.6126000000,28.5659000000,28.4529000000,28.4529000000,32.4510000000",-0.35384,0.06231,1.7467,370.274,-115.7151206
MeCN,"C,C,N,H,H,H","-0.48708,0.00728,-0.00806,0.9687,-0.01428,0.01625,2.12026,-0.03157,0.0352,-0.86789,-0.77337,-0.66937,-0.88677,-0.16107,0.99373,-0.84722,0.97301,-0.36774","-0.393418
,-0.149718
,0.009883
,0.177757
,0.177741
,0.177755
","-0.71346,0.27409,-0.31929,0.25291,0.25286,0.25289","185.6984000000,54.3978000000,-71.6681000000,30.2828666667,30.2828666667,30.2828666667",-0.39911,0.05309,4.0135,454.677,-132.7467322
LiOtBu,"C,C,H,H,H,C,H,H,H,C,H,H,H,O,Li","-2.81424,-1.1448,-2.31814,-3.44323,-0.27526,-1.20855,-3.99193,0.55877,-1.65649,-2.65596,0.14381,-0.57461,-4.13413,-0.8385,-0.57152,-3.93279,-1.71647,-3.21541,-4.64381,-2.33782,-2.6597,-3.49486,-2.32517,-4.01233,-4.48653,-0.89792,-3.68527,-2.03134,-2.30855,-1.67325,-1.22913,-1.91243,-1.04327,-1.57203,-2.92401,-2.45274,-2.66644,-2.95345,-1.05587,-1.95491,-0.37344,-3.0818,-0.95457,0.52444,-3.97065","0.280441
,-0.413790
,0.122640
,0.122562
,0.122287
,-0.413638
,0.122320
,0.122557
,0.122585
,-0.413827
,0.122648
,0.122619
,0.122376
,-0.901074
,0.759294
","0.25664,-0.61241,0.19815,0.19814,0.19179,-0.61241,0.19178,0.19816,0.19814,-0.61243,0.19813,0.19818,0.19180,-1.08228,0.89862","115.5466000000,147.7275000000,30.9484333333,30.9484333333,30.8182000000,147.7275000000,30.8182000000,30.9484333333,30.9484333333,147.6546000000,30.9484333333,30.9484333333,30.8182000000,210.0642000000,91.3869000000",-0.26801,-0.03688,5.6887,928.737,-240.6067164
KOH,"K,O,H","4.3903,0.60296,0.,2.22931,-0.11884,0.,1.3203,-0.42412,0.","0.761037
,-1.026209
,0.265172
","0.95688,-1.38861,0.43173","1299.5414000000,328.4486000000,34.3786000000",-0.23249,-0.03707,7.4893,302.677,-675.7598155
K3PO4,"K,K,K,P,O,O,O,O","6.95683,-1.00589,0.,0.53105,-1.07222,0.,3.70606,2.97711,0.,3.73372,-0.23664,0.,4.99051,0.67036,0.,2.9748,-1.87625,0.,2.45939,0.64625,0.,4.50386,-1.83468,0.","0.487277
,0.500051
,0.192259
,0.921619
,-0.681650
,-0.380937
,-0.676961
,-0.361658
","0.65286,0.66864,0.29452,2.18110,-1.24337,-0.65883,-1.23940,-0.65553","1296.8003000000,1297.1095000000,1293.4324000000,242.4703000000,-40.4938000000,-13.2829000000,-44.6943000000,16.8284000000",-0.0974,-0.02434,0.1448,1104.359,-2442.043482
Et3N,"N,C,H,H,C,H,H,H,C,H,H,C,H,H,H,C,H,H,C,H,H,H","-0.79991,-1.51208,-1.05893,-0.89609,-0.3238,-0.20411,-1.09483,0.53458,-0.8505,-1.79187,-0.43049,0.41256,0.30579,-0.00561,0.70227,1.22031,0.17204,0.12986,0.10468,0.89936,1.28353,0.51211,-0.80995,1.41366,-0.73711,-2.78136,-0.33172,0.18294,-2.87674,0.27488,-0.67816,-3.57241,-1.08602,-1.95622,-3.04932,0.54969,-2.87798,-2.91165,-0.02163,-1.99809,-2.39613,1.42471,-1.93187,-4.07874,0.91778,0.23553,-1.43689,-2.09138,1.25556,-1.39368,-1.66571,0.18798,-2.37561,-2.6524,0.04593,-0.28148,-3.07322,0.73862,-0.3873,-3.91273,0.23651,0.69464,-2.6205,-0.97332,-0.27968,-3.46828","-0.175190
,-0.280639
,0.162008
,0.162009
,-0.417308
,0.143989
,0.143105
,0.144012
,-0.205141
,0.138551
,0.130581
,-0.435862
,0.149687
,0.140979
,0.140196
,-0.205234
,0.138596
,0.130588
,-0.435738
,0.140177
,0.140967
,0.149667
","-0.44448,-0.22075,0.19532,0.19534,-0.63718,0.20196,0.21244,0.20196,-0.20913,0.15644,0.19224,-0.61148,0.21055,0.19844,0.21064,-0.20914,0.15644,0.19224,-0.61145,0.21063,0.19843,0.21054","200.9683000000,146.7431000000,29.1103000000,29.1103000000,184.2763000000,31.0970500000,31.6860000000,31.0970500000,135.2405000000,29.2688500000,29.6774500000,171.6302000000,31.0386000000,30.7222500000,30.9856000000,135.2405000000,29.2688500000,29.6774500000,171.6302000000,30.9856000000,30.7222500000,31.0386000000",-0.26706,0.06079,0.5591,1256.312,-292.3667062
DMF,"C,N,C,C,O,H,H,H,H,H,H,H","-1.1274,0.7734,0.13289,0.13922,0.07866,-0.00103,0.10985,-1.36228,-0.12789,1.30773,0.78097,-0.00434,1.41355,1.98543,0.0974,-1.66224,0.43548,1.02678,-1.76271,0.59257,-0.74056,-0.92256,1.83818,0.21604,-0.35511,-1.82603,0.74908,-0.45454,-1.66864,-1.01555,1.12724,-1.74519,-0.21937,2.18677,0.11735,-0.11346","-0.338234
,-0.133479
,-0.314493
,0.179311
,-0.382675
,0.144671
,0.144645
,0.183605
,0.150324
,0.150339
,0.137281
,0.078706
","-0.41834,-0.43332,-0.39539,0.53660,-0.61522,0.19238,0.19238,0.24352,0.19259,0.19258,0.20831,0.10393","155.7072000000,132.3007000000,148.8884000000,8.6484000000,-126.5474000000,29.9191500000,29.9191500000,27.4783000000,29.3153000000,29.3153000000,28.7462000000,23.6784000000",-0.30906,0.0594,4.0867,711.627,-248.4960203
CataCXium A,"C,C,C,C,P,C,C,C,C,C,C,C,C,C,C,C,C,C,C,C,C,C,C,C,C,H,H,H,H,H,H,H,H,H,H,H,H,H,H,H,H,H,H,H,H,H,H,H,H,H,H,H,H,H,H,H,H,H,H,H,H,H,H,H","0.56445,4.81989,1.23312,-0.77316,4.07862,1.31531,-0.69947,2.57475,0.99169,-0.37209,2.28582,-0.48491,-0.17541,0.56221,-1.23725,1.54045,-0.02725,-0.60073,1.71731,-1.53474,-0.91421,3.16009,-1.99876,-0.62378,4.14899,-1.20277,-1.49378,4.01331,0.29626,-1.17143,2.57048,0.75341,-1.46999,4.33514,0.53347,0.31544,3.34396,-0.26308,1.18337,3.47716,-1.76359,0.86471,1.90268,0.21203,0.88496,-1.60612,-0.49193,-0.51751,-2.9055,0.32768,-0.76425,-4.156,-0.48151,-0.36391,-4.2391,-1.76125,-1.21382,-2.97358,-2.60346,-0.97758,-1.72736,-1.78544,-1.37663,-2.88415,-2.99001,0.511,-2.80517,-1.71217,1.36626,-4.06403,-0.85735,1.12759,-1.5471,-0.90551,0.97326,0.97855,4.81542,0.22136,1.30917,4.36835,1.89691,0.45351,5.86647,1.53034,-1.49928,4.55807,0.64663,-1.1787,4.19307,2.32769,-1.66326,2.12907,1.24869,0.03156,2.10411,1.65369,-1.13662,2.76351,-1.10782,0.55807,2.79035,-0.76513,1.0287,-2.1285,-0.30646,1.4655,-1.73123,-1.96274,3.24128,-3.06756,-0.85493,3.94676,-1.38101,-2.55671,5.17566,-1.54057,-1.30723,4.70451,0.87353,-1.79696,2.34493,0.60567,-2.53124,2.48746,1.82992,-1.28169,5.36472,0.22524,0.53458,4.27042,1.60268,0.55114,3.56047,-0.09023,2.24447,4.49105,-2.11142,1.09706,2.79371,-2.34696,1.49388,1.83042,1.27718,1.11884,1.20183,-0.30646,1.54543,-2.96723,0.60874,-1.82247,-2.89041,1.25947,-0.19395,-5.04617,0.13568,-0.53474,-4.3296,-1.50451,-2.27606,-5.13536,-2.33643,-0.951,-3.01258,-3.51038,-1.59268,-1.78023,-1.51515,-2.43674,-0.83796,-2.40925,-1.26113,-2.00199,-3.61781,0.68699,-3.75702,-3.58792,0.80037,-2.73764,-1.98108,2.42733,-4.02808,0.04914,1.74438,-4.96042,-1.40952,1.43479,-1.46268,-0.02791,1.61896,-0.65868,-1.51708,1.15908","-0.444799
,-0.214800
,-0.313576
,-0.494742
,0.152767
,0.226706
,-0.553293
,0.032549
,-0.390775
,0.007181
,-0.489937
,-0.384061
,0.026134
,-0.386585
,-0.495632
,0.210035
,-0.530879
,0.020562
,-0.386944
,0.016613
,-0.501570
,-0.386548
,0.043313
,-0.390192
,-0.516766
,0.141315
,0.136615
,0.146440
,0.134218
,0.135753
,0.130616
,0.168520
,0.199268
,0.176802
,0.158256
,0.196594
,0.135773
,0.155548
,0.155162
,0.135850
,0.183074
,0.169739
,0.155256
,0.150064
,0.135274
,0.155626
,0.149457
,0.150081
,0.189070
,0.190136
,0.176019
,0.135345
,0.155098
,0.154514
,0.135019
,0.183237
,0.179613
,0.148924
,0.155677
,0.135006
,0.149965
,0.155934
,0.190087
,0.156295
","-0.60501,-0.39000,-0.40404,-0.71623,0.82655,-0.26286,-0.41870,-0.21736,-0.39670,-0.21786,-0.41874,-0.39710,-0.21743,-0.39699,-0.41970,-0.26732,-0.41755,-0.21623,-0.39668,-0.21823,-0.41926,-0.39703,-0.21786,-0.39682,-0.42064,0.19947,0.19883,0.20964,0.19384,0.20061,0.19697,0.19768,0.22635,0.22581,0.20018,0.21024,0.21068,0.20412,0.20280,0.21132,0.21661,0.19884,0.20320,0.20229,0.20999,0.20356,0.20183,0.20063,0.20629,0.20968,0.20248,0.21082,0.20386,0.20235,0.21099,0.21468,0.20512,0.20183,0.20316,0.20995,0.20147,0.20385,0.20728,0.20045","173.6911000000,158.9402000000,154.0631500000,163.0289000000,242.8850000000,138.3760000000,138.9571000000,155.2523000000,146.8991000000,156.0388000000,138.7977000000,146.9545000000,154.3231000000,146.5659000000,138.4545000000,139.5739000000,143.1597000000,156.0388000000,146.6204000000,155.1688000000,136.9845000000,146.4186500000,154.0631500000,146.4186500000,139.7399000000,30.7959000000,31.3989000000,30.9219000000,30.9219000000,30.1927666667,29.7546000000,30.1927666667,30.5642000000,30.1927666667,29.8219333333,30.1927666667,30.1927666667,30.1927666667,30.1927666667,30.1927666667,30.1927666667,30.1927666667,30.1927666667,30.1927666667,30.1927666667,30.1927666667,30.1927666667,29.8219333333,29.6271666667,30.1927666667,30.1927666667,30.1927666667,30.1927666667,30.1927666667,30.1927666667,30.1927666667,29.8219333333,30.1927666667,30.1927666667,30.1927666667,30.1927666667,30.1927666667,29.6271666667,29.6271666667",-0.2504,0.04102,1.2375,3248.239,-1279.330739
AmPhos,"C,C,C,C,P,C,C,C,C,C,C,N,C,C,C,C,C,C,H,H,H,H,H,H,H,H,H,H,H,H,H,H,H,H,H,H,H,H,H,H,H,H,H,H,H,H","-3.61638,-1.91376,0.22658,-2.29215,-1.38762,-0.36097,-2.58671,-0.70786,-1.7034,-1.36789,-2.59496,-0.59677,-1.46863,-0.35601,1.02612,0.29578,-0.2082,0.51892,1.25731,-0.488,1.49857,2.62068,-0.41578,1.24629,3.10327,-0.05528,-0.02822,2.13969,0.20448,-1.02739,0.78308,0.13752,-0.7496,4.45876,0.04477,-0.28962,4.90906,0.18006,-1.66207,5.407,-0.44705,0.69182,-2.06964,1.45706,0.94477,-1.43487,2.11211,2.18621,-3.5964,1.47991,1.10633,-1.6632,2.27602,-0.28681,-4.09176,-2.59867,-0.48449,-4.32639,-1.11194,0.43438,-3.44803,-2.45795,1.15832,-3.29245,0.11734,-1.60201,-3.03812,-1.43477,-2.38918,-1.68682,-0.3284,-2.18788,-0.44026,-2.31162,-1.09509,-1.87991,-3.33263,-1.22454,-1.10224,-3.0869,0.34312,0.9259,-0.78087,2.48993,3.30772,-0.65091,2.04806,2.44743,0.46424,-2.03149,0.09341,0.35625,-1.5538,5.99496,0.25781,-1.67595,4.51128,1.09029,-2.11874,4.61687,-0.67226,-2.29217,5.29701,-1.52323,0.88846,5.29847,0.08288,1.64178,6.41909,-0.2671,0.333,-1.75093,3.15884,2.25765,-0.34358,2.09742,2.13313,-1.73452,1.60448,3.10601,-4.11118,1.11611,0.21528,-3.93595,2.50678,1.28094,-3.9215,0.87474,1.9567,-2.04799,3.29814,-0.18833,-2.06021,1.86888,-1.21624,-0.57895,2.34544,-0.38072","-0.436768
,-0.051560
,-0.472540
,-0.461658
,0.068665
,-0.082215
,-0.115223
,-0.247937
,0.291695
,-0.252513
,-0.261962
,-0.172635
,-0.368828
,-0.369210
,-0.005008
,-0.465336
,-0.491563
,-0.487049
,0.143395
,0.156861
,0.164226
,0.146390
,0.153478
,0.156157
,0.171094
,0.143867
,0.163374
,0.151113
,0.156021
,0.156814
,0.172107
,0.140182
,0.154484
,0.163166
,0.163865
,0.155179
,0.139116
,0.143532
,0.169530
,0.161199
,0.144450
,0.151884
,0.175589
,0.148092
,0.159850
,0.176631
","-0.61028,-0.29212,-0.60833,-0.61075,0.80313,-0.39628,-0.16808,-0.28470,0.18056,-0.28006,-0.18081,-0.40138,-0.39660,-0.39661,-0.28734,-0.61388,-0.61274,-0.61762,0.20138,0.20690,0.21611,0.20335,0.20455,0.20205,0.21578,0.20355,0.21383,0.21897,0.21471,0.21386,0.20638,0.20353,0.19789,0.18474,0.18502,0.19869,0.20319,0.20328,0.21502,0.21367,0.20226,0.20631,0.21326,0.20325,0.20572,0.21664","149.2076000000,146.9530000000,155.2741000000,152.0076000000,251.9466000000,38.8492000000,19.6334000000,58.6488000000,13.4806000000,57.3186000000,25.8138000000,194.6151000000,143.8311000000,143.6273000000,146.6651000000,151.1189000000,153.4555000000,158.2189000000,31.2404666667,30.4431000000,30.6217500000,30.2694000000,30.9497000000,30.1305000000,31.2404666667,31.5251000000,31.2404666667,23.4958000000,24.7211000000,24.6377000000,23.3575000000,29.2843000000,28.5986500000,29.1020500000,29.1020500000,28.5986500000,29.2843000000,31.5779000000,31.3346000000,30.8520500000,30.5463000000,31.0150000000,30.6217500000,31.3346000000,30.2694000000,30.8520500000",-0.24427,0.02058,3.1351,2750.265,-1022.580371
6-triflatequinoline,"C,C,C,C,C,C,C,C,O,S,O,O,C,F,F,F,N,C,H,H,H,H,H,H","-3.12491,2.02758,-0.33945,-1.85446,1.74003,-0.76506,-1.23047,0.55097,-0.31678,-1.97281,-0.29399,0.56476,-1.37989,-1.49459,1.03038,-0.11194,-1.8491,0.64545,0.60282,-0.99361,-0.21647,0.07892,0.17464,-0.69798,1.87705,-1.3782,-0.68349,3.16432,-1.39947,0.3275,4.20508,-2.0804,-0.39714,2.75945,-1.74422,1.67088,3.59349,0.43579,0.33599,2.67235,1.11031,1.01795,4.77801,0.58591,0.91545,3.64317,0.89202,-0.9123,-3.2355,0.00751,0.97612,-3.77376,1.12209,0.53547,-3.63677,2.92814,-0.65878,-1.32127,2.40607,-1.43621,-1.96474,-2.11925,1.69425,0.35171,-2.76152,0.99575,0.6626,0.79612,-1.36721,-4.78237,1.33745,0.88091","-0.147732
,-0.155846
,0.100923
,0.164100
,-0.209339
,-0.125387
,0.130642
,-0.209297
,-0.290313
,0.874509
,-0.412379
,-0.416340
,0.419750
,-0.135073
,-0.134635
,-0.142364
,-0.215971
,-0.061637
,0.151560
,0.148908
,0.164822
,0.176294
,0.175943
,0.148861
","-0.25308,-0.14004,-0.09110,0.13810,-0.16561,-0.22770,0.24267,-0.21115,-0.67304,2.27535,-0.86990,-0.88529,0.73966,-0.29813,-0.29319,-0.29905,-0.39425,0.05814,0.22444,0.21887,0.23594,0.24227,0.23004,0.19605","44.3025000000,26.1323000000,36.1788000000,13.2987000000,29.5242000000,39.0820000000,15.9394000000,46.7980000000,67.8715000000,116.4498000000,88.9480000000,82.2795000000,54.0606000000,240.6123000000,249.3439000000,248.1127000000,-147.8721000000,11.7789000000,23.6141000000,22.9605000000,22.7567000000,23.3796000000,23.4925000000,21.9092000000",-0.30753,-0.04948,4.232,1769.999,-1362.821198
6-Quinolineboronic acid pinacol ester,"B,O,C,C,O,C,C,C,C,C,C,C,C,C,C,N,C,C,C,H,H,H,H,H,H,H,H,H,H,H,H,H,H,H,H,H,H","-0.43082,0.11731,0.13939,-1.34981,0.59133,1.04097,-2.67537,0.203,0.57233,-2.42651,-0.04206,-0.96801,-1.00845,-0.38214,-1.00119,-2.59498,1.21979,-1.82065,-3.21236,-1.19739,-1.57833,-3.65111,1.3271,0.90289,-3.05375,-1.06793,1.3393,1.10095,0.1412,0.38791,1.97971,-0.31936,-0.5758,3.38003,-0.31148,-0.36575,3.89682,0.18699,0.87081,2.98616,0.65825,1.85083,1.63493,0.63381,1.61475,5.2325,0.22624,1.14372,6.0588,-0.21581,0.22168,5.65377,-0.72942,-1.03466,4.31409,-0.77545,-1.32473,-3.64282,1.51831,-1.90393,-2.02961,2.0594,-1.41121,-2.2154,1.02205,-2.82516,-3.00184,-2.14134,-1.07637,-4.2889,-1.0103,-1.53027,-2.93865,-1.31072,-2.62955,-3.729,1.43759,1.98666,-3.32203,2.2821,0.49422,-4.65002,1.1084,0.51479,-3.00852,-0.86157,2.41045,-2.36018,-1.8844,1.12833,-4.06527,-1.40342,1.09819,1.59392,-0.69781,-1.51853,3.40016,1.03169,2.78094,0.94732,0.99492,2.37271,7.11853,-0.17243,0.46731,6.39975,-1.0751,-1.74214,3.95766,-1.16123,-2.27579","0.428042
,-0.336723
,0.133225
,0.129177
,-0.338933
,-0.497241
,-0.433423
,-0.433745
,-0.498455
,-0.059905
,-0.225015
,0.118885
,0.161482
,-0.199056
,-0.186315
,-0.216920
,-0.062786
,-0.155814
,-0.157583
,0.163323
,0.167002
,0.164191
,0.157504
,0.156119
,0.159028
,0.159684
,0.157535
,0.156062
,0.165522
,0.166383
,0.163216
,0.157135
,0.150378
,0.155539
,0.142369
,0.144841
,0.145270
","1.12865,-0.71281,0.24322,0.24332,-0.71438,-0.62558,-0.61916,-0.61924,-0.62532,-0.39960,-0.11943,-0.11641,0.15013,-0.19732,-0.15755,-0.40426,0.05829,-0.26842,-0.13284,0.21098,0.21478,0.22101,0.21904,0.21035,0.22016,0.22058,0.21925,0.21021,0.22167,0.21448,0.21083,0.21880,0.22661,0.22280,0.19135,0.22038,0.21541","72.4053000000,140.7678000000,92.9727000000,94.9922000000,143.7985000000,157.4230000000,160.5394000000,159.7878000000,158.1553000000,34.9942000000,24.4035500000,37.5674000000,10.9245000000,34.3864000000,27.3493000000,-144.6312000000,11.8711000000,43.1438000000,24.4035500000,30.9480250000,30.4532000000,30.6345500000,30.4532000000,30.9480250000,30.4532000000,30.4532000000,30.4532000000,30.9480250000,30.6345500000,30.4532000000,30.9480250000,22.5508000000,22.8826000000,22.7743000000,21.9264000000,23.5003000000,22.9487000000",-0.28343,-0.0317,3.7248,2176.822,-812.5827179
6-quinoline-boronic acid hydrochloride,"B,C,C,C,C,C,C,N,C,C,C,O,O,H,H,H,H,H,H,H,H","3.01179,0.77469,-0.11731,1.57369,0.13985,-0.18856,0.44335,0.91461,-0.00562,-0.85822,0.35951,-0.03631,-1.01167,-1.03935,-0.27853,0.14933,-1.82744,-0.47354,1.39477,-1.25499,-0.42156,-2.23086,-1.64599,-0.3284,-3.29435,-0.89692,-0.14129,-3.25405,0.49669,0.10878,-2.0351,1.12131,0.16139,4.08149,0.08549,0.37329,3.2608,2.04884,-0.53657,0.53647,1.97959,0.1978,0.01026,-2.88548,-0.66331,2.26775,-1.88035,-0.58951,-4.25436,-1.40682,-0.18647,-4.178,1.04492,0.25401,-1.95758,2.18767,0.3517,3.83922,-0.76435,0.75075,2.50506,2.44851,-0.97525","0.356394
,0.020076
,-0.267001
,0.066630
,0.158802
,-0.220660
,-0.233479
,-0.216938
,-0.060836
,-0.152842
,-0.157930
,-0.425407
,-0.426525
,0.156935
,0.155989
,0.154183
,0.146456
,0.148635
,0.144935
,0.326778
,0.325803
","1.11059,-0.39713,-0.14999,-0.11136,0.14485,-0.18497,-0.18538,-0.39982,0.05975,-0.26062,-0.13612,-0.87066,-0.87131,0.20491,0.22968,0.20956,0.19406,0.22267,0.21608,0.48794,0.48731","72.2552000000,28.1974000000,30.9743000000,36.5555000000,11.4873000000,31.7287000000,31.4746000000,-147.0795000000,11.4118000000,42.4892000000,26.6584000000,201.8214000000,203.6135000000,22.9689000000,22.7214000000,23.0752000000,21.9824000000,23.5583000000,22.8871000000,27.7872000000,27.7092000000",-0.29849,-0.04392,2.873,1392.638,-577.9427278
6-Iodoquinoline,"C,C,C,C,C,C,C,C,I,N,C,H,H,H,H,H,H","-2.48929,-0.68566,0.20247,-1.29023,-1.33959,0.07945,-0.09596,-0.58189,-0.00669,-0.21389,0.84049,0.04079,0.9631,1.62594,-0.04257,2.19762,1.03734,-0.16725,2.29569,-0.37212,-0.21283,1.18728,-1.17468,-0.13586,4.2418,-1.25849,-0.40818,-1.41378,1.47474,0.16277,-2.49432,0.73041,0.2391,-3.42482,-1.22985,0.27164,-1.2427,-2.42414,0.04748,0.85442,2.7039,-0.00472,3.09116,1.64567,-0.23037,1.27229,-2.2549,-0.17144,-3.43848,1.26272,0.33622","-0.149146
,-0.155193
,0.090167
,0.152750
,-0.192466
,-0.173710
,0.086917
,-0.237168
,-0.092347
,-0.217488
,-0.063233
,0.149220
,0.146953
,0.161063
,0.173641
,0.173583
,0.146456
","-0.25669,-0.13950,-0.09366,0.13523,-0.17152,-0.24145,-0.11254,-0.22458,0.11906,-0.39651,0.05572,0.22310,0.21789,0.23353,0.23216,0.22527,0.19448","40.7271000000,27.6883000000,35.2415000000,14.4738000000,31.8085000000,25.5771000000,28.8386000000,29.0906000000,432.6325000000,-146.7948000000,12.6375000000,23.4322000000,23.1107000000,22.9747000000,23.2126000000,23.1107000000,22.0326000000",-0.28933,-0.04185,1.9963,1429.381,-698.9328047
6-chloroquinoline,"C,C,C,C,C,C,C,C,Cl,N,C,H,H,H,H,H,H","-2.5632,0.18233,-0.08732,-1.51357,1.06327,-0.11322,-0.19091,0.56307,-0.04212,-0.02633,-0.85203,0.0541,1.28506,-1.38382,0.12774,2.38119,-0.55967,0.10693,2.19854,0.83801,0.01074,0.95121,1.3999,-0.06269,3.62196,1.86783,-0.01504,-1.08046,-1.71375,0.07905,-2.2894,-1.20357,0.01022,-3.58997,0.52618,-0.13926,-1.67917,2.13359,-0.18746,1.38836,-2.45983,0.20053,3.38491,-0.96199,0.16319,0.83432,2.47484,-0.13637,-3.11252,-1.91436,0.03108","-0.149580
,-0.154512
,0.086488
,0.159639
,-0.205836
,-0.152829
,0.090728
,-0.227538
,-0.086381
,-0.217344
,-0.064318
,0.148725
,0.146610
,0.160085
,0.161990
,0.158114
,0.145960
","-0.25582,-0.14125,-0.09025,0.13243,-0.17073,-0.22224,-0.03082,-0.20755,0.00185,-0.39592,0.05348,0.22271,0.21750,0.23309,0.23298,0.22641,0.19415","43.2004000000,28.2473000000,35.7002000000,15.0873000000,31.3788000000,31.9467000000,24.3853000000,39.1800000000,677.1904000000,-147.1439000000,12.8057000000,23.6292000000,23.0152000000,22.8658000000,23.2287000000,23.3263000000,22.1045000000",-0.294,-0.04066,1.9955,1312.062,-861.5054878
6-Bromoquinoline,"C,C,C,C,C,C,C,C,Br,N,C,H,H,H,H,H,H","-2.57505,0.01178,-0.13228,-1.57637,0.93798,-0.28462,-0.22858,0.53219,-0.12797,0.01431,-0.83987,0.18458,1.35223,-1.27693,0.34776,2.40096,-0.40275,0.20897,2.14136,0.95153,-0.10078,0.8648,1.42224,-0.26815,3.62649,2.14607,-0.28895,-0.99051,-1.74785,0.33247,-2.22512,-1.32538,0.17746,-3.6187,0.28353,-0.24304,-1.80057,1.97349,-0.52141,1.51577,-2.32157,0.58454,3.42279,-0.73785,0.33414,0.68365,2.46418,-0.5051,-3.00745,-2.07089,0.30228","-0.149194
,-0.155034
,0.084030
,0.158731
,-0.205288
,-0.135135
,0.044593
,-0.200736
,-0.099274
,-0.217277
,-0.063692
,0.149089
,0.146847
,0.160707
,0.168770
,0.166430
,0.146434
","-0.25599,-0.14062,-0.09249,0.13444,-0.17053,-0.22828,-0.07840,-0.21183,0.05703,-0.39604,0.05478,0.22295,0.21775,0.23349,0.23309,0.22626,0.19439","41.3898000000,28.1660000000,35.7220000000,14.9464000000,31.7393000000,29.1467000000,26.4470000000,34.7352000000,2048.1134000000,-147.0486000000,12.8303000000,23.5034000000,23.0710000000,22.9545000000,23.2759500000,23.2759500000,22.0770000000",-0.29287,-0.04161,2.041,1274.582,-2975.498945
"2d, Bromide","C,C,C,C,C,C,C,N,N,C,C,C,C,C,C,O,Br,H,H,H,H,H,H,H,H,H,H,H,H,H,H,H","5.19537,-0.44437,-0.73839,3.74239,-0.31275,-0.36561,3.3323,0.22007,0.84809,1.97195,0.33003,1.16461,1.0134,-0.11835,0.2269,1.38515,-0.64685,-1.01249,2.73907,-0.7352,-1.27507,-0.21212,0.09023,0.80756,-0.09319,0.66714,2.03507,1.19512,0.8067,2.26353,-1.49195,-0.161,0.19794,-2.6417,-0.11802,1.19612,-3.96686,-0.33111,0.45432,-4.08939,0.64789,-0.71859,-2.84499,0.56757,-1.5967,-1.65899,0.7996,-0.83934,4.61573,0.83057,2.13572,5.69654,0.52731,-0.74666,5.73625,-1.0726,-0.02561,5.30288,-0.88816,-1.72917,0.64931,-0.95301,-1.74547,3.06233,-1.13899,-2.229,1.53823,1.23508,3.19295,-1.44299,-1.1598,-0.26568,-2.62666,0.85323,1.69304,-2.48682,-0.87663,1.96701,-4.80496,-0.21386,1.14623,-4.01699,-1.36036,0.07642,-4.18716,1.67078,-0.34006,-4.98085,0.43426,-1.31731,-2.78491,-0.4209,-2.08067,-2.84571,1.32672,-2.3794","-0.482389
,0.110918
,-0.103353
,0.089160
,0.064223
,-0.235692
,-0.145114
,0.086596
,-0.217284
,-0.097347
,-0.022655
,-0.276175
,-0.288169
,-0.255144
,-0.147965
,-0.283132
,-0.101949
,0.168938
,0.168227
,0.134930
,0.162427
,0.142288
,0.159907
,0.151851
,0.179586
,0.163973
,0.151464
,0.149778
,0.148603
,0.142298
,0.134827
,0.146375
","-0.61877,-0.07794,-0.03049,-0.17560,0.15252,-0.23239,-0.17704,-0.19216,-0.21699,-0.02303,0.26026,-0.42634,-0.39689,-0.42797,-0.07237,-0.51241,0.04692,0.22628,0.22594,0.21381,0.22716,0.21445,0.22253,0.15546,0.23004,0.22419,0.21631,0.19440,0.20672,0.21271,0.15313,0.19754","163.2458000000,33.3973000000,33.5479000000,38.4745000000,24.8382000000,60.2073000000,35.3397000000,17.6404000000,-138.3440000000,34.2777000000,94.2125000000,155.0681000000,161.8424000000,159.0979000000,115.1284000000,241.8685000000,2187.9503000000,29.2813000000,29.2813000000,29.6990000000,23.9099000000,23.8435000000,23.1705000000,26.4317000000,29.2049000000,29.8875000000,29.8875000000,30.3126500000,30.3126500000,30.5643000000,28.2583000000,27.9445000000",-0.27097,-0.01222,3.8026,2168.224,-3263.298211
"2c, Trifluoroborate","C,C,B,C,C,C,F,F,F,C,C,N,C,N,C,O,C,C,C,C,H,H,H,H,H,H,H,H,H,H,H,H,H,H,H","2.16279,-0.03655,-0.01212,0.77115,0.36246,-0.18783,3.36718,1.03377,0.22932,2.40137,-1.49162,-0.06663,-0.24878,-0.60402,-0.38178,0.10638,1.58127,-0.22375,4.34342,0.93292,-0.80712,2.86659,2.36316,0.2496,4.01675,0.77343,1.47347,1.39272,-2.39239,-0.25419,3.81836,-1.97175,0.09451,-1.42777,0.09491,-0.5204,0.00022,-1.97494,-0.40787,-1.25455,1.44727,-0.43273,-2.72031,-0.49957,-0.82592,-3.15173,-1.3701,0.21965,-3.79101,0.54394,-1.16308,-3.49346,-0.67988,1.4258,-4.32722,1.26642,0.08196,-4.66854,0.26691,1.19501,-5.20993,1.85858,-0.18568,-3.56016,1.96166,0.42996,-4.91119,0.79181,2.12678,-5.54929,-0.32799,0.91981,-3.73591,-1.46375,2.14635,-2.62085,-0.12964,1.79861,-2.57558,-1.17669,-1.6729,-3.38097,1.26274,-1.87439,-4.60553,0.00119,-1.65717,3.88815,-3.06175,0.02685,4.4593,-1.51546,-0.66453,4.22329,-1.6383,1.05382,1.61239,-3.45629,-0.28523,-0.79859,-2.70284,-0.48413,0.53129,2.56525,-0.10903","0.002322,0.078100,0.569957,0.066560,-0.036621,-0.040915,-0.374185,-0.389747,-0.374217,-0.137645,-0.458935,0.154370,-0.115468,-0.227044,0.020919,-0.320621,-0.286648,-0.169929,-0.318544,-0.255540,0.154797,0.187509,0.151254,0.149098,0.154571,0.161132,0.187905,0.180752,0.168408,0.129666,0.200693,0.201046,0.165324,0.211391,0.210287","0.18491,-0.11971,0.57004,0.09349,0.00579,0.08944,-0.27308,-0.27950,-0.27262,-0.14556,-0.32739,0.04620,0.14656,-0.09820,0.11520,-0.24895,-0.21310,-0.03957,-0.20301,-0.21382,0.10903,0.11114,0.10972,0.10218,0.10033,0.08256,0.10431,0.11727,0.10985,0.10453,0.13754,0.13760,0.11523,0.11338,0.12823","-85.0337000000,30.4406000000,103.2804000000,-6.6501000000,20.9843000000,-2.1038000000,320.5094000000,336.0720000000,318.7772000000,34.2190000000,156.1130000000,-43.9450000000,22.3658000000,-191.4399000000,97.4820000000,240.4904000000,157.0972000000,121.9181000000,166.0054000000,159.6620000000,30.1583000000,29.3874000000,30.3646000000,30.1583000000,28.3122000000,28.7041000000,26.1117000000,29.5578000000,29.8810500000,29.8810500000,28.3868500000,28.3868500000,24.3271000000,23.4392000000,21.8286000000",-0.32094,-0.07839,12.0913,2117.687,-1013.621083
"2b, Boronic Ester","C,C,O,C,C,C,C,O,B,C,C,C,C,C,C,C,C,N,N,C,O,C,C,C,C,H,H,H,H,H,H,H,H,H,H,H,H,H,H,H,H,H,H,H,H,H,H,H,H,H,H,H","-4.7167,-0.84547,1.33891,-4.25417,-0.0002,0.15152,-3.25875,-0.78979,-0.55853,-5.41709,0.27472,-0.78944,-3.42967,1.26565,0.57764,-3.39963,2.35416,-0.49624,-3.81132,1.85958,1.92509,-2.08039,0.73253,0.6691,-2.01787,-0.39339,-0.12101,-0.67997,-1.09633,-0.4608,-0.58623,-2.25971,-1.24028,-1.80593,-2.94431,-1.81327,0.68059,-2.82621,-1.51785,1.86716,-2.29362,-1.0481,1.77978,-1.14355,-0.26048,0.53249,-0.54178,0.02271,0.87774,0.60034,0.81296,2.17866,0.68548,0.99848,2.73932,-0.38916,0.3705,4.17865,-0.50449,0.206,4.61911,0.12849,-0.98648,4.91837,1.51572,-0.79627,6.18359,1.68061,0.06473,6.31744,0.49141,1.03576,4.93039,-0.00514,1.44913,-5.51465,-0.35386,1.89965,-5.09482,-1.79971,0.96799,-3.89112,-1.05374,2.02193,-5.08275,0.73888,-1.71628,-5.91431,-0.66337,-1.04396,-6.15383,0.9303,-0.3172,-3.12529,1.94336,-1.46959,-2.64959,3.09892,-0.2245,-4.36474,2.85654,-0.59133,-3.17357,2.71868,2.14251,-4.84942,2.20284,1.91993,-3.68731,1.13814,2.7316,-2.49476,-3.26396,-1.02854,-2.37578,-2.27806,-2.46371,-1.51957,-3.82407,-2.39293,0.72085,-3.71853,-2.13457,2.81875,-2.7467,-1.30115,0.21696,1.33624,1.24119,4.38118,-1.56331,0.03686,4.05904,2.0121,-0.33454,5.04654,1.92778,-1.797,7.07387,1.74784,-0.56641,6.11546,2.62076,0.62216,6.89918,0.7757,1.91605,6.86425,-0.32157,0.54819,4.36115,0.80008,1.91527,4.98845,-0.81692,2.17827","-0.504867
,0.127387
,-0.331751
,-0.434745
,0.131003
,-0.499318
,-0.435017
,-0.357288
,0.450039
,-0.158349
,0.058294
,-0.462024
,-0.178157
,-0.203787
,0.042487
,0.102516
,-0.120261
,-0.237424
,0.089550
,-0.000519
,-0.301902
,-0.144707
,-0.261733
,-0.266828
,-0.287400
,0.164074
,0.164149
,0.168443
,0.158483
,0.158296
,0.155791
,0.166990
,0.164852
,0.163207
,0.158249
,0.156159
,0.159540
,0.156414
,0.159914
,0.127089
,0.130476
,0.160124
,0.162190
,0.136307
,0.167253
,0.136991
,0.136538
,0.137701
,0.144551
,0.145843
,0.194976
,0.150195
","-0.62461,0.24218,-0.71858,-0.61815,0.24136,-0.62434,-0.61808,-0.72163,1.13659,-0.37994,0.02456,-0.62238,-0.20239,-0.20986,0.12795,-0.09070,-0.02657,-0.24444,-0.20985,0.25486,-0.51154,-0.08661,-0.42656,-0.39248,-0.44169,0.21078,0.22031,0.21527,0.21924,0.21972,0.21008,0.21491,0.22116,0.21041,0.21966,0.20997,0.21958,0.22440,0.22693,0.20476,0.20951,0.22061,0.22812,0.18595,0.18070,0.19350,0.20560,0.20456,0.21246,0.20126,0.23353,0.21993","157.4503000000,93.3848000000,132.5911000000,160.3573000000,93.9932000000,155.8419000000,160.6102000000,138.3090000000,72.3121000000,43.8571000000,20.3394000000,158.3412000000,34.8476000000,55.9243000000,26.7036000000,31.9965000000,29.0090000000,-136.9166000000,18.4458000000,100.1631000000,258.7230000000,125.0712000000,163.5638000000,168.1669000000,160.0721000000,30.8686666667,30.6951000000,30.4059250000,30.4059250000,30.4059250000,30.9522000000,30.4059250000,30.6186000000,30.8686666667,30.4059250000,30.8686666667,30.4059250000,28.9914000000,28.9292000000,29.7767000000,23.8927000000,23.7538000000,22.4582000000,25.7562000000,27.9248000000,28.6234000000,30.1813000000,30.4059250000,30.1813000000,30.4059250000,28.4343000000,30.1813000000",-0.26204,-0.01534,1.921,3034.002,-1100.373705
"2a, Boronic Acid","B,C,C,C,C,C,C,C,N,N,C,C,C,C,C,O,C,O,O,H,H,H,H,H,H,H,H,H,H,H,H,H,H,H,H,H","-4.08028,1.00146,0.16855,-2.75319,0.24114,-0.14664,-2.7049,-1.07365,-0.64064,-1.45693,-1.68551,-0.91165,-0.24348,-1.05503,-0.71802,-0.28059,0.2481,-0.21621,-1.50896,0.89448,0.0676,-1.10955,2.18507,0.54347,0.20173,2.31517,0.55099,0.71293,1.14672,0.07864,2.14415,0.93463,0.14965,2.54441,0.10688,1.37048,4.0691,-0.0915,1.42415,4.64943,-0.3073,0.00598,3.54471,-0.688,-0.97081,2.55722,0.33948,-1.07504,-3.94454,-1.89533,-0.91627,-3.99019,2.27326,0.68518,-5.29573,0.40736,-0.06863,-1.45728,-2.69875,-1.30116,0.68938,-1.54291,-0.96718,-1.736,2.99885,0.86674,2.56539,1.94179,0.22554,2.17699,0.61765,2.26273,2.02768,-0.85593,1.32587,4.29682,-0.94431,2.06898,4.5396,0.77956,1.88822,5.11775,0.61203,-0.35832,5.42566,-1.07786,0.00616,3.92844,-0.81449,-1.98375,3.07824,-1.63828,-0.6734,-4.58627,-1.42304,-1.66219,-3.67181,-2.88746,-1.28168,-4.55866,-2.01936,-0.02251,-4.82893,2.71064,0.85933,-6.06274,0.94464,0.15271","0.402087
,-0.159196
,0.044507
,-0.175580
,-0.214461
,0.037733
,0.077427
,-0.115480
,-0.225307
,0.099127
,-0.005343
,-0.297008
,-0.280727
,-0.277793
,-0.129340
,-0.312093
,-0.451368
,-0.466755
,-0.446126
,0.130216
,0.168755
,0.158496
,0.157710
,0.170054
,0.178922
,0.145018
,0.152949
,0.153361
,0.142834
,0.147287
,0.135820
,0.158869
,0.124707
,0.157083
,0.307339
,0.306274
","1.12151,-0.37367,0.01704,-0.20633,-0.20870,0.12093,-0.09650,-0.03508,-0.22910,-0.19941,0.26381,-0.43641,-0.40364,-0.43342,-0.06816,-0.51363,-0.62118,-0.89634,-0.89295,0.20766,0.22019,0.22719,0.18700,0.23110,0.20774,0.21081,0.20880,0.20758,0.21582,0.19738,0.15396,0.22563,0.20273,0.22414,0.48185,0.48164","75.5426000000,40.7804000000,21.4400000000,35.0591000000,53.4837000000,29.3035000000,31.6628000000,29.7920000000,-140.2956000000,18.1512000000,92.5374000000,158.2782000000,168.1500000000,162.7858000000,121.7357000000,274.9337000000,157.1086000000,204.6820000000,200.0243000000,23.9131000000,23.5580000000,22.5192000000,25.6310000000,30.4599000000,29.6340000000,30.1683500000,30.1683500000,29.9374000000,30.3450000000,28.0405000000,27.5429000000,28.9211000000,29.7619000000,28.9211000000,28.7797000000,28.7797000000",-0.2569,-0.0123,1.8916,2184.445,-865.728102
dtbpf,"Fe,P,C,H,C,H,C,H,C,H,C,P,C,H,C,H,C,H,C,H,C,C,C,C,C,H,H,H,H,H,H,H,H,H,C,C,C,C,H,H,H,H,H,H,H,H,H,C,C,C,C,H,H,H,H,H,H,H,H,H,C,C,C,C,H,H,H,H,H,H,H,H,H","3.89154,9.49626,0.10615,4.38734,6.69045,2.37339,3.55293,9.59691,2.17362,2.58012,9.55332,2.63784,4.18063,10.7909,1.71885,3.76215,11.78595,1.77154,5.43534,10.43294,1.14933,6.15259,11.10551,0.70805,5.56305,9.02024,1.22705,6.3833,8.44133,0.83035,4.41021,8.47908,1.89772,3.96601,11.8628,-2.80774,4.20841,8.98308,-1.89287,5.16715,8.71188,-2.30662,3.2973,8.07442,-1.28599,3.46457,7.0168,-1.13933,2.16446,8.81859,-0.84545,1.30381,8.42458,-0.32854,2.3833,10.18005,-1.17847,1.71416,11.00238,-0.96935,3.64325,10.30667,-1.85578,3.66095,11.21805,-4.60578,3.52925,12.44935,-5.52581,4.70335,10.24739,-5.18012,2.288,10.51496,-4.58417,2.78009,13.15,-5.14811,4.46546,12.9943,-5.64572,3.21036,12.12869,-6.52431,4.81278,9.35464,-4.56184,4.38956,9.91308,-6.17679,5.68665,10.70733,-5.2937,1.98071,10.29045,-5.61189,2.31046,9.57518,-4.03152,1.51384,11.14777,-4.14095,5.82289,12.30666,-2.57104,5.82804,13.16445,-1.28671,6.78889,11.12338,-2.40759,6.31276,13.20641,-3.71948,5.29697,14.10665,-1.44095,5.34719,12.65542,-0.45128,6.85764,13.40174,-0.99333,6.81713,10.48865,-3.29503,7.80791,11.49483,-2.24181,6.52348,10.49929,-1.55446,7.28676,13.6329,-3.45313,6.44649,12.66145,-4.65509,5.63373,14.04302,-3.90369,5.59314,6.75389,3.89807,5.43142,7.97501,4.81694,5.46393,5.45849,4.71816,7.01759,6.77398,3.30424,5.56671,8.91042,4.27171,4.45671,8.01136,5.30358,6.1902,7.94414,5.60859,5.54795,4.56692,4.09056,6.27417,5.41382,5.45467,4.5267,5.39973,5.27268,7.7516,6.70126,4.11505,7.18673,5.93485,2.62454,7.22791,7.69819,2.76491,2.61073,6.29654,3.01107,2.15894,6.95381,4.32544,1.62901,6.69355,1.89411,2.52359,4.76082,3.15118,2.73382,6.60573,5.1845,2.22871,8.04248,4.29758,1.10981,6.69972,4.52072,1.9173,6.263,0.93187,0.62993,6.31448,2.13747,1.55561,7.77218,1.77158,1.49438,4.47503,3.3969,2.79336,4.26065,2.21775,3.16562,4.365,3.93715","0.521697
,0.087967
,-0.253368
,0.166963
,-0.183162
,0.152995
,-0.211333
,0.171406
,-0.324345
,0.192145
,-0.018138
,0.082782
,-0.353756
,0.190709
,-0.134483
,0.160008
,-0.234394
,0.163828
,-0.205946
,0.159998
,-0.048825
,-0.013212
,-0.447705
,-0.484982
,-0.473427
,0.167475
,0.155940
,0.146277
,0.173358
,0.153631
,0.138734
,0.151007
,0.175350
,0.161993
,0.009354
,-0.470029
,-0.478598
,-0.514427
,0.167014
,0.132210
,0.159258
,0.164825
,0.155641
,0.136704
,0.157760
,0.151346
,0.178113
,0.001281
,-0.453320
,-0.504825
,-0.488773
,0.177784
,0.154779
,0.148142
,0.178938
,0.156375
,0.144676
,0.148831
,0.167496
,0.172084
,-0.037072
,-0.470479
,-0.515635
,-0.443806
,0.147204
,0.166190
,0.155903
,0.177517
,0.162898
,0.141193
,0.147940
,0.167513
,0.160806
","-0.12379,0.80846,-0.22994,0.23712,-0.22681,0.24601,-0.22482,0.24314,-0.23496,0.24563,-0.33958,0.81636,-0.23447,0.24190,-0.22091,0.24836,-0.22901,0.24184,-0.21539,0.24670,-0.35435,-0.26930,-0.61467,-0.61574,-0.61237,0.21527,0.20753,0.20389,0.21133,0.20573,0.20126,0.20520,0.21694,0.21243,-0.28361,-0.61110,-0.61622,-0.61101,0.21604,0.20887,0.20313,0.20918,0.20379,0.21060,0.20781,0.20457,0.21200,-0.25745,-0.61899,-0.61464,-0.61530,0.21775,0.20804,0.20356,0.21189,0.20835,0.20281,0.20492,0.21335,0.21204,-0.28093,-0.61255,-0.61195,-0.61259,0.20603,0.20822,0.20533,0.21087,0.20821,0.20936,0.20434,0.21601,0.21030","-29401.6140000000,252.0523000000,150.9075500000,30.7423428571,150.9075500000,29.7747000000,146.4202000000,30.2916500000,139.4024000000,29.5119000000,139.2499000000,246.1658000000,144.9795000000,30.1842000000,145.2597000000,29.1361000000,147.2234000000,29.9418000000,132.9241000000,30.4605500000,143.5119000000,142.2132000000,151.4373000000,159.2858000000,153.2353000000,31.0644000000,30.7423428571,31.6475000000,31.6475000000,31.8222000000,30.9964000000,32.6986000000,35.1370000000,32.7589000000,144.0451000000,147.9069000000,154.4475000000,151.6810000000,29.7747000000,27.4189000000,30.2916500000,29.6576000000,30.0594000000,26.2763000000,30.5722666667,30.5722666667,30.4605500000,141.4388000000,159.4231000000,152.3707000000,152.0049000000,34.2502000000,31.8937000000,32.5223000000,30.7423428571,31.4076000000,30.7423428571,32.0307000000,30.9964000000,31.6475000000,141.9750000000,156.6120000000,147.9069000000,149.1725000000,30.5722666667,30.7423428571,30.7423428571,28.5432000000,30.0594000000,26.6897000000,30.7423428571,29.9418000000,30.1842000000",-0.25826,0.04213,0.8729,4223.818,-2963.501076
dppf,"Fe,P,C,H,C,H,C,H,C,H,C,C,H,C,H,C,H,C,H,C,H,C,C,C,H,C,H,C,H,C,H,C,H,P,C,H,C,H,C,H,C,H,C,C,H,C,H,C,H,C,H,C,H,C,C,C,H,C,H,C,H,C,H,C,H","4.3082,9.2095,0.,4.66948,6.71755,2.43796,3.78241,9.52474,1.98685,2.77442,9.42388,2.35979,4.35952,10.70759,1.44501,3.861,11.65965,1.33028,5.68543,10.39886,1.01938,6.36977,11.07187,0.5247,5.92209,9.02293,1.28707,6.82205,8.47473,1.04735,4.74789,8.46699,1.89881,5.63279,8.03598,4.82113,5.50187,8.97977,4.30388,6.14335,8.03007,6.11937,6.40263,8.96961,6.59797,6.31921,6.82861,6.80037,6.7164,6.82607,7.81052,5.98886,5.62732,6.17366,6.12919,4.68481,6.69391,5.49055,5.63239,4.87474,5.25304,4.68939,4.38997,5.29398,6.83702,4.18322,2.85157,6.45836,2.72423,2.14173,7.01273,3.79754,2.65878,7.63127,4.52342,0.78003,6.76323,3.95253,0.2445,7.1992,4.79034,0.10676,5.95096,3.04072,-0.9533,5.75396,3.16574,0.80346,5.38185,1.97749,0.28976,4.7354,1.27265,2.16696,5.63022,1.82579,2.71089,5.16658,1.00819,3.94692,11.70145,-2.43796,4.83399,8.89426,-1.98685,5.84198,8.99512,-2.35979,4.25688,7.71141,-1.44501,4.75541,6.75935,-1.33028,2.93097,8.02014,-1.01938,2.24663,7.34713,-0.5247,2.69431,9.39607,-1.28707,1.79435,9.94427,-1.04735,3.86851,9.95201,-1.89881,2.98361,10.38302,-4.82113,3.11453,9.43923,-4.30388,2.47305,10.38894,-6.11937,2.21378,9.44939,-6.59797,2.29719,11.59039,-6.80037,1.9,11.59293,-7.81052,2.62754,12.79168,-6.17366,2.48721,13.73419,-6.69391,3.12585,12.78662,-4.87474,3.36336,13.72961,-4.38997,3.32242,11.58198,-4.18322,5.76483,11.96064,-2.72423,6.47467,11.40627,-3.79754,5.95762,10.78773,-4.52342,7.83637,11.65577,-3.95253,8.3719,11.2198,-4.79034,8.50964,12.46804,-3.04072,9.5697,12.66503,-3.16574,7.81294,13.03715,-1.97749,8.32664,13.6836,-1.27265,6.44944,12.78878,-1.82579,5.90551,13.25242,-1.00819","0.381525
,0.050713
,-0.276098
,0.177536
,-0.140027
,0.154248
,-0.204448
,0.162073
,-0.260043
,0.157009
,0.033348
,-0.146761
,0.188452
,-0.160743
,0.144041
,-0.138505
,0.143280
,-0.143009
,0.142948
,-0.162707
,0.149921
,-0.027736
,-0.038100
,-0.195484
,0.193180
,-0.145706
,0.146960
,-0.132731
,0.146194
,-0.142273
,0.147426
,-0.189426
,0.175704
,0.050713
,-0.276098
,0.177536
,-0.140027
,0.154248
,-0.204448
,0.162073
,-0.260043
,0.157009
,0.033348
,-0.146761
,0.188452
,-0.160743
,0.144041
,-0.138505
,0.143280
,-0.143009
,0.142948
,-0.162707
,0.149921
,-0.027736
,-0.038100
,-0.195484
,0.193180
,-0.145706
,0.146960
,-0.132731
,0.146194
,-0.142273
,0.147426
,-0.189426
,0.175704
","-0.15828,0.84431,-0.22094,0.24958,-0.21434,0.24823,-0.21680,0.24718,-0.21386,0.24691,-0.34908,-0.21474,0.22440,-0.20667,0.21411,-0.21004,0.21381,-0.20788,0.21453,-0.20343,0.21608,-0.31640,-0.31630,-0.20404,0.22248,-0.20909,0.21585,-0.20246,0.21511,-0.21365,0.21594,-0.20604,0.21638,0.84431,-0.22094,0.24958,-0.21434,0.24823,-0.21680,0.24718,-0.21386,0.24691,-0.34908,-0.21474,0.22440,-0.20667,0.21411,-0.21004,0.21381,-0.20788,0.21453,-0.20343,0.21608,-0.31640,-0.31630,-0.20404,0.22248,-0.20909,0.21585,-0.20246,0.21511,-0.21365,0.21594,-0.20604,0.21638","-24288.6008000000,299.7735500000,137.1051000000,30.2517000000,136.1294000000,28.8859000000,133.6753000000,29.5431000000,127.4821000000,29.6856000000,129.9669000000,30.5454000000,25.9984000000,35.9395000000,24.2696000000,39.6096000000,24.2696000000,37.6996000000,23.9728000000,27.9722000000,23.6727000000,15.4476000000,18.6118000000,25.2937000000,24.2696000000,35.3858000000,23.6109000000,33.6266000000,23.3026000000,34.5415000000,23.0986000000,23.7482000000,21.8286000000,299.7735500000,137.1051000000,30.2517000000,136.1294000000,28.8859000000,133.6753000000,29.5431000000,127.4821000000,29.6856000000,129.9669000000,30.5454000000,25.9984000000,35.9395000000,24.2696000000,39.6096000000,24.2696000000,37.6996000000,23.9728000000,27.9722000000,23.6727000000,15.4476000000,18.6118000000,25.2937000000,24.2696000000,35.3858000000,23.6109000000,33.6266000000,23.3026000000,34.5415000000,23.0986000000,23.7482000000,21.8286000000",-0.2634,-0.00149,0,4325.465,-3258.751832
