5.890388488769531250e-01,5.706061124801635742e-01
-1.188419014215469360e-01,-6.274006515741348267e-02
1.531898260116577148e+00,1.534102559089660645e+00
1.188419014215469360e-01,1.213354244828224182e-01
1.301248073577880859e+00,1.280364155769348145e+00
1.370188951492309570e+00,1.360646128654479980e+00
2.721338033676147461e+00,2.792648553848266602e+00
6.506240367889404297e-01,6.993897557258605957e-01
1.179963946342468262e+00,1.179251909255981445e+00
2.304827451705932617e+00,2.289120912551879883e+00
1.238186001777648926e+00,1.210016369819641113e+00
1.238186001777648926e+00,1.223637700080871582e+00
5.302674770355224609e-01,5.182851552963256836e-01
1.446415305137634277e+00,1.421487689018249512e+00
8.209961056709289551e-01,8.579852581024169922e-01
8.209961056709289551e-01,8.802757263183593750e-01
8.209961056709289551e-01,8.644693493843078613e-01
1.743765950202941895e+00,1.695854663848876953e+00
1.301248073577880859e+00,1.250316858291625977e+00
7.495573759078979492e-01,7.175142168998718262e-01
1.179963946342468262e+00,1.186845898628234863e+00
9.820416569709777832e-01,1.011816859245300293e+00
8.587300777435302734e-01,8.467612266540527344e-01
1.301248073577880859e+00,1.352848410606384277e+00
1.370188951492309570e+00,1.348646163940429688e+00
1.100028395652770996e+00,1.104344487190246582e+00
1.125792503356933594e+00,1.091290831565856934e+00
3.134819507598876953e+00,3.074209928512573242e+00
-4.740317165851593018e-02,-1.638243347406387329e-02
1.370188951492309570e+00,1.304937124252319336e+00
3.407441675662994385e-01,4.165443181991577148e-01
6.506240367889404297e-01,6.425220370292663574e-01
1.238186001777648926e+00,1.236258625984191895e+00
5.017896890640258789e-01,5.447367429733276367e-01
1.125792503356933594e+00,1.139582157135009766e+00
1.125792503356933594e+00,1.110436201095581055e+00
-8.304711431264877319e-02,-1.398208439350128174e-01
1.911539882421493530e-01,2.624092996120452881e-01
1.075057387351989746e+00,1.088563203811645508e+00
1.125792503356933594e+00,1.086834073066711426e+00
-7.115228474140167236e-02,-5.348632484674453735e-02
6.506240367889404297e-01,6.499294638633728027e-01
4.464013874530792236e-01,4.424731135368347168e-01
4.738494455814361572e-01,4.232709109783172607e-01
3.928184211254119873e-01,4.307647347450256348e-01
6.194471716880798340e-01,6.592981219291687012e-01
1.446415305137634277e+00,1.460348725318908691e+00
1.188419014215469360e-01,1.028410270810127258e-01
1.301248073577880859e+00,1.274248242378234863e+00
2.304827451705932617e+00,2.280111789703369141e+00
1.238186001777648926e+00,1.276555418968200684e+00
0.000000000000000000e+00,9.601876884698867798e-02
1.301248073577880859e+00,1.372488260269165039e+00
1.629523873329162598e+00,1.545125961303710938e+00
1.301248073577880859e+00,1.295403003692626953e+00
1.531898260116577148e+00,1.547730207443237305e+00
8.209961056709289551e-01,7.957471013069152832e-01
-2.649088203907012939e-01,-2.588305473327636719e-01
2.304827451705932617e+00,2.301277399063110352e+00
5.017896890640258789e-01,5.315481424331665039e-01
6.194471716880798340e-01,5.895836949348449707e-01
1.531898260116577148e+00,1.519224405288696289e+00
4.740317165851593018e-02,7.845189422369003296e-02
2.401259690523147583e-01,2.744072973728179932e-01
4.740317165851593018e-02,7.839471846818923950e-02
1.531898260116577148e+00,1.521463990211486816e+00
4.194038212299346924e-01,4.442732036113739014e-01
1.301248073577880859e+00,1.315335750579833984e+00
5.017896890640258789e-01,5.185863971710205078e-01
8.587300777435302734e-01,8.900789618492126465e-01
1.446415305137634277e+00,1.471539258956909180e+00
8.209961056709289551e-01,7.974265217781066895e-01
3.134819507598876953e+00,3.064397335052490234e+00
1.809271693229675293e+00,1.797423958778381348e+00
3.134819507598876953e+00,3.100895643234252930e+00
0.000000000000000000e+00,5.919365212321281433e-02
9.495868533849716187e-02,1.086711138486862183e-01
1.075057387351989746e+00,9.911546707153320312e-01
1.301248073577880859e+00,1.269456267356872559e+00
1.629523873329162598e+00,1.615130662918090820e+00
6.506240367889404297e-01,6.440989971160888672e-01
1.075057387351989746e+00,1.059432148933410645e+00
2.304827451705932617e+00,2.372795820236206055e+00
1.669188737869262695e-01,2.028430551290512085e-01
5.593323707580566406e-01,5.999826788902282715e-01
1.370188951492309570e+00,1.344789981842041016e+00
1.188419014215469360e-01,1.103849038481712341e-01
-4.740317165851593018e-02,-6.445011124014854431e-03
1.531898260116577148e+00,1.581761598587036133e+00
1.882118225097656250e+00,1.831641077995300293e+00
3.928184211254119873e-01,4.202035963535308838e-01
4.464013874530792236e-01,4.395997226238250732e-01
1.743765950202941895e+00,1.720684409141540527e+00
2.721338033676147461e+00,2.823394298553466797e+00
1.152413725852966309e+00,1.162962675094604492e+00
1.743765950202941895e+00,1.768610954284667969e+00
1.743765950202941895e+00,1.708890438079833984e+00
5.593323707580566406e-01,5.984287858009338379e-01
1.238186001777648926e+00,1.243217706680297852e+00
-2.155488580465316772e-01,-1.841918975114822388e-01
2.304827451705932617e+00,2.306063652038574219e+00
7.495573759078979492e-01,7.921446561813354492e-01
1.238186001777648926e+00,1.185921669006347656e+00
1.100028395652770996e+00,1.107485890388488770e+00
2.058627367019653320e+00,1.995654463768005371e+00
1.125792503356933594e+00,1.070943951606750488e+00
2.304827451705932617e+00,2.294919490814208984e+00
1.882118225097656250e+00,1.891851544380187988e+00
1.407284617424011230e+00,1.357344388961791992e+00
1.629523873329162598e+00,1.571015477180480957e+00
1.027271509170532227e+00,1.031601309776306152e+00
4.464013874530792236e-01,4.626726806163787842e-01
1.446415305137634277e+00,1.452813148498535156e+00
1.238186001777648926e+00,1.194779872894287109e+00
1.075057387351989746e+00,1.072161555290222168e+00
0.000000000000000000e+00,-1.610477454960346222e-02
3.407441675662994385e-01,3.330792486667633057e-01
1.301248073577880859e+00,1.275480628013610840e+00
1.238186001777648926e+00,1.204330444335937500e+00
3.134819507598876953e+00,3.117921352386474609e+00
0.000000000000000000e+00,4.384319111704826355e-02
5.017896890640258789e-01,5.039482116699218750e-01
1.743765950202941895e+00,1.752597928047180176e+00
1.179963946342468262e+00,1.185737848281860352e+00
7.846519947052001953e-01,8.232805132865905762e-01
8.587300777435302734e-01,8.717747926712036133e-01
8.587300777435302734e-01,8.670191168785095215e-01
1.238186001777648926e+00,1.184515476226806641e+00
1.911539882421493530e-01,1.858004778623580933e-01
1.629523873329162598e+00,1.624598741531372070e+00
1.964275121688842773e+00,1.951541066169738770e+00
1.179963946342468262e+00,1.178325057029724121e+00
2.058627367019653320e+00,2.032960653305053711e+00
4.738494455814361572e-01,4.921822547912597656e-01
2.401259690523147583e-01,2.604376375675201416e-01
5.890388488769531250e-01,5.940053462982177734e-01
-4.740317165851593018e-02,-6.859444081783294678e-03
6.506240367889404297e-01,6.673408746719360352e-01
2.721338033676147461e+00,2.722034692764282227e+00
4.740317165851593018e-02,-1.385865150950849056e-03
5.890388488769531250e-01,5.660518407821655273e-01
5.017896890640258789e-01,4.920537173748016357e-01
6.506240367889404297e-01,6.573907732963562012e-01
1.301248073577880859e+00,1.278645515441894531e+00
5.302674770355224609e-01,5.204339623451232910e-01
9.390457272529602051e-01,9.168063402175903320e-01
1.301248073577880859e+00,1.313846588134765625e+00
1.370188951492309570e+00,1.341736912727355957e+00
5.017896890640258789e-01,5.308923125267028809e-01
4.738494455814361572e-01,5.200647711753845215e-01
5.593323707580566406e-01,5.571708679199218750e-01
6.826438903808593750e-01,7.124561667442321777e-01
1.370188951492309570e+00,1.377133011817932129e+00
2.401259690523147583e-01,2.583176493644714355e-01
1.743765950202941895e+00,1.760772347450256348e+00
2.899219691753387451e-01,2.794985771179199219e-01
1.179963946342468262e+00,1.264268994331359863e+00
1.370188951492309570e+00,1.339413642883300781e+00
1.487846493721008301e+00,1.461315512657165527e+00
1.238186001777648926e+00,1.251728653907775879e+00
2.721338033676147461e+00,2.725069522857666016e+00
1.370188951492309570e+00,1.289488434791564941e+00
5.302674770355224609e-01,5.455615520477294922e-01
2.401259690523147583e-01,2.833734750747680664e-01
3.134819507598876953e+00,3.096734285354614258e+00
0.000000000000000000e+00,-5.064378026872873306e-03
5.017896890640258789e-01,4.837194681167602539e-01
3.928184211254119873e-01,4.183653593063354492e-01
-2.369209937751293182e-02,-2.480057813227176666e-02
2.401259690523147583e-01,1.791392862796783447e-01
1.125792503356933594e+00,1.142349004745483398e+00
1.370188951492309570e+00,1.369566679000854492e+00
1.743765950202941895e+00,1.667524933815002441e+00
8.587300777435302734e-01,8.089999556541442871e-01
4.738494455814361572e-01,4.870005548000335693e-01
1.669188737869262695e-01,1.615193486213684082e-01
1.125792503356933594e+00,1.138526797294616699e+00
1.531898260116577148e+00,1.564168572425842285e+00
6.506240367889404297e-01,6.658808588981628418e-01
1.125792503356933594e+00,1.107785582542419434e+00
1.531898260116577148e+00,1.475007891654968262e+00
2.401259690523147583e-01,2.674123644828796387e-01
6.506240367889404297e-01,5.740224719047546387e-01
1.238186001777648926e+00,1.238623023033142090e+00
1.669188737869262695e-01,1.989408880472183228e-01
1.238186001777648926e+00,1.226591467857360840e+00
1.179963946342468262e+00,1.168512940406799316e+00
1.238186001777648926e+00,1.217246294021606445e+00
2.058627367019653320e+00,1.982410907745361328e+00
6.194471716880798340e-01,6.380196809768676758e-01
5.890388488769531250e-01,6.225488781929016113e-01
1.238186001777648926e+00,1.288112044334411621e+00
1.301248073577880859e+00,1.300342559814453125e+00
1.370188951492309570e+00,1.374014854431152344e+00
6.506240367889404297e-01,6.007648110389709473e-01
2.304827451705932617e+00,2.222221851348876953e+00
1.743765950202941895e+00,1.708519339561462402e+00
1.370188951492309570e+00,1.347300529479980469e+00
2.401259690523147583e-01,1.898622214794158936e-01
1.075057387351989746e+00,1.122735023498535156e+00
1.179963946342468262e+00,1.205444455146789551e+00
5.890388488769531250e-01,6.080754995346069336e-01
3.134819507598876953e+00,3.078444719314575195e+00
2.899219691753387451e-01,2.769092023372650146e-01
7.495573759078979492e-01,7.811866402626037598e-01
1.428218334913253784e-01,1.488288789987564087e-01
1.882118225097656250e+00,1.835632920265197754e+00
8.209961056709289551e-01,8.533147573471069336e-01
1.531898260116577148e+00,1.609842419624328613e+00
5.302674770355224609e-01,6.047084331512451172e-01
5.593323707580566406e-01,5.865679383277893066e-01
2.524901628494262695e-01,2.816223204135894775e-01
1.743765950202941895e+00,1.664122700691223145e+00
4.740317165851593018e-02,8.004235476255416870e-02
-2.401259690523147583e-01,-1.740844398736953735e-01
-1.188419014215469360e-01,-1.353822350502014160e-01
5.302674770355224609e-01,5.435667037963867188e-01
5.593323707580566406e-01,5.628567337989807129e-01
1.125792503356933594e+00,1.058712124824523926e+00
1.301248073577880859e+00,1.297075271606445312e+00
1.370188951492309570e+00,1.331886529922485352e+00
2.304827451705932617e+00,2.450348377227783203e+00
1.208524107933044434e+00,1.201246380805969238e+00
6.506240367889404297e-01,6.716100573539733887e-01
1.050822257995605469e+00,1.092741489410400391e+00
1.238186001777648926e+00,1.201737403869628906e+00
1.370188951492309570e+00,1.352681398391723633e+00
9.390457272529602051e-01,9.351359605789184570e-01
3.407441675662994385e-01,3.639995455741882324e-01
5.302674770355224609e-01,5.354219079017639160e-01
1.075057387351989746e+00,1.057442665100097656e+00
-2.401259690523147583e-01,-1.533743739128112793e-01
1.125792503356933594e+00,1.135650873184204102e+00
1.188419014215469360e-01,1.515751928091049194e-01
5.890388488769531250e-01,6.341089010238647461e-01
1.446415305137634277e+00,1.396583318710327148e+00
1.446415305137634277e+00,1.422631263732910156e+00
1.428218334913253784e-01,2.007454782724380493e-01
1.301248073577880859e+00,1.293300867080688477e+00
-2.649088203907012939e-01,-1.204136908054351807e-01
-4.740317165851593018e-02,1.166615635156631470e-02
6.194471716880798340e-01,6.531515121459960938e-01
9.495868533849716187e-02,7.755202054977416992e-02
1.238186001777648926e+00,1.256037116050720215e+00
3.928184211254119873e-01,3.830051720142364502e-01
1.301248073577880859e+00,1.309510469436645508e+00
2.369209937751293182e-02,1.016504168510437012e-01
1.531898260116577148e+00,1.541819453239440918e+00
4.464013874530792236e-01,4.615796208381652832e-01
1.370188951492309570e+00,1.381806850433349609e+00
5.890388488769531250e-01,5.867555737495422363e-01
1.179963946342468262e+00,1.173918843269348145e+00
1.179963946342468262e+00,1.192193150520324707e+00
-1.911539882421493530e-01,-1.899556517601013184e-01
5.593323707580566406e-01,5.348834395408630371e-01
1.188419014215469360e-01,1.508188247680664062e-01
7.495573759078979492e-01,7.572306394577026367e-01
1.911539882421493530e-01,1.972016841173171997e-01
1.446415305137634277e+00,1.389331221580505371e+00
6.506240367889404297e-01,6.644421219825744629e-01
2.369209937751293182e-02,2.549005439504981041e-03
1.238186001777648926e+00,1.230376243591308594e+00
2.369209937751293182e-02,5.399960093200206757e-03
1.446415305137634277e+00,1.483163475990295410e+00
5.593323707580566406e-01,5.314330458641052246e-01
3.407441675662994385e-01,3.381163477897644043e-01
1.179963946342468262e+00,1.182865977287292480e+00
1.629523873329162598e+00,1.531373739242553711e+00
3.134819507598876953e+00,3.098349571228027344e+00
8.587300777435302734e-01,8.652114868164062500e-01
1.179963946342468262e+00,1.151222944259643555e+00
4.464013874530792236e-01,4.626644849777221680e-01
5.593323707580566406e-01,5.778020620346069336e-01
1.446415305137634277e+00,1.466019630432128906e+00
1.370188951492309570e+00,1.372739315032958984e+00
6.194471716880798340e-01,5.955132246017456055e-01
8.209961056709289551e-01,8.488535284996032715e-01
1.301248073577880859e+00,1.250599741935729980e+00
2.478213310241699219e+00,2.516357421875000000e+00
1.301248073577880859e+00,1.292338252067565918e+00
1.301248073577880859e+00,1.295882821083068848e+00
2.058627367019653320e+00,2.076132535934448242e+00
1.531898260116577148e+00,1.505041360855102539e+00
8.209961056709289551e-01,7.617815136909484863e-01
1.269054055213928223e+00,1.251695036888122559e+00
1.743765950202941895e+00,1.765403509140014648e+00
1.629523873329162598e+00,1.677255630493164062e+00
2.401259690523147583e-01,2.907678484916687012e-01
0.000000000000000000e+00,2.783576771616935730e-02
1.334906101226806641e+00,1.298269271850585938e+00
1.531898260116577148e+00,1.489886403083801270e+00
5.593323707580566406e-01,5.635132789611816406e-01
6.506240367889404297e-01,6.521365642547607422e-01
1.027271509170532227e+00,1.054568171501159668e+00
8.209961056709289551e-01,8.253302574157714844e-01
1.743765950202941895e+00,1.761382579803466797e+00
8.587300777435302734e-01,8.543263673782348633e-01
1.743765950202941895e+00,1.748955130577087402e+00
5.302674770355224609e-01,5.714207887649536133e-01
1.238186001777648926e+00,1.238466858863830566e+00
6.194471716880798340e-01,5.901345610618591309e-01
7.846519947052001953e-01,7.632837891578674316e-01
1.238186001777648926e+00,1.230620980262756348e+00
3.666095733642578125e-01,3.710288405418395996e-01
1.179963946342468262e+00,1.149934411048889160e+00
1.301248073577880859e+00,1.309804201126098633e+00
1.301248073577880859e+00,1.274392127990722656e+00
1.188419014215469360e-01,8.582685142755508423e-02
1.301248073577880859e+00,1.263157129287719727e+00
1.370188951492309570e+00,1.349527001380920410e+00
1.301248073577880859e+00,1.263283491134643555e+00
1.179963946342468262e+00,1.221817374229431152e+00
1.301248073577880859e+00,1.318536520004272461e+00
4.464013874530792236e-01,4.328708946704864502e-01
1.531898260116577148e+00,1.459592461585998535e+00
1.027271509170532227e+00,1.056002378463745117e+00
6.506240367889404297e-01,6.675120592117309570e-01
2.304827451705932617e+00,2.325930356979370117e+00
3.666095733642578125e-01,3.861408829689025879e-01
1.179963946342468262e+00,1.166173934936523438e+00
1.125792503356933594e+00,1.108017683029174805e+00
1.531898260116577148e+00,1.509314656257629395e+00
-9.495868533849716187e-02,-3.780271112918853760e-02
1.027271509170532227e+00,9.865443110466003418e-01
7.846519947052001953e-01,7.497181296348571777e-01
5.890388488769531250e-01,6.219995617866516113e-01
2.649088203907012939e-01,2.989417910575866699e-01
2.304827451705932617e+00,2.284343004226684570e+00
1.238186001777648926e+00,1.193568348884582520e+00
5.593323707580566406e-01,5.677253007888793945e-01
-1.188419014215469360e-01,-7.041978091001510620e-02
3.928184211254119873e-01,3.882354497909545898e-01
1.125792503356933594e+00,1.135202407836914062e+00
5.890388488769531250e-01,6.082944869995117188e-01
1.531898260116577148e+00,1.571229219436645508e+00
1.531898260116577148e+00,1.506146073341369629e+00
1.179963946342468262e+00,1.139071702957153320e+00
7.495573759078979492e-01,7.658873796463012695e-01
1.301248073577880859e+00,1.261091351509094238e+00
-2.369209937751293182e-02,5.620031803846359253e-02
5.017896890640258789e-01,5.036025047302246094e-01
1.743765950202941895e+00,1.750036239624023438e+00
3.134819507598876953e+00,3.093758583068847656e+00
6.506240367889404297e-01,5.950827002525329590e-01
1.301248073577880859e+00,1.320749878883361816e+00
3.134819507598876953e+00,3.099010705947875977e+00
1.301248073577880859e+00,1.313131690025329590e+00
4.740317165851593018e-02,2.058412507176399231e-02
1.301248073577880859e+00,1.283779025077819824e+00
5.890388488769531250e-01,6.002300381660461426e-01
1.446415305137634277e+00,1.492084503173828125e+00
1.179963946342468262e+00,1.155542850494384766e+00
1.301248073577880859e+00,1.195790767669677734e+00
2.304827451705932617e+00,2.259467363357543945e+00
1.531898260116577148e+00,1.524992108345031738e+00
2.649088203907012939e-01,2.570164203643798828e-01
6.506240367889404297e-01,6.231520175933837891e-01
1.125792503356933594e+00,1.130883932113647461e+00
1.100028395652770996e+00,1.115094780921936035e+00
6.826438903808593750e-01,6.796460747718811035e-01
1.075057387351989746e+00,1.062133669853210449e+00
8.209961056709289551e-01,8.210757374763488770e-01
1.301248073577880859e+00,1.235411524772644043e+00
2.721338033676147461e+00,2.724444627761840820e+00
1.301248073577880859e+00,1.253453373908996582e+00
2.899219691753387451e-01,2.519109547138214111e-01
1.238186001777648926e+00,1.137244701385498047e+00
5.890388488769531250e-01,6.288270354270935059e-01
5.017896890640258789e-01,5.105316638946533203e-01
3.407441675662994385e-01,3.489753305912017822e-01
1.370188951492309570e+00,1.310427546501159668e+00
5.593323707580566406e-01,5.648332238197326660e-01
1.911539882421493530e-01,1.985103785991668701e-01
1.179963946342468262e+00,1.174209237098693848e+00
9.820416569709777832e-01,9.965542554855346680e-01
1.531898260116577148e+00,1.488870263099670410e+00
6.506240367889404297e-01,7.037321329116821289e-01
8.396797776222229004e-01,8.345072269439697266e-01
0.000000000000000000e+00,6.012154743075370789e-02
3.134819507598876953e+00,3.092113494873046875e+00
2.649088203907012939e-01,2.846492826938629150e-01
1.125792503356933594e+00,1.131142973899841309e+00
2.369209937751293182e-02,8.427114039659500122e-02
2.649088203907012939e-01,2.808005511760711670e-01
1.100028395652770996e+00,1.097273826599121094e+00
1.446415305137634277e+00,1.478869318962097168e+00
6.826438903808593750e-01,6.972021460533142090e-01
1.075057387351989746e+00,1.052742600440979004e+00
7.495573759078979492e-01,7.227934598922729492e-01
1.301248073577880859e+00,1.311352491378784180e+00
1.075057387351989746e+00,1.053739309310913086e+00
6.506240367889404297e-01,6.170846223831176758e-01
7.846519947052001953e-01,7.539648413658142090e-01
1.075057387351989746e+00,1.117222547531127930e+00
1.669188737869262695e-01,1.641505658626556396e-01
6.506240367889404297e-01,6.910637021064758301e-01
2.649088203907012939e-01,2.763090431690216064e-01
7.155902981758117676e-01,6.580036282539367676e-01
1.446415305137634277e+00,1.349817037582397461e+00
-7.115228474140167236e-02,-3.728289529681205750e-02
1.075057387351989746e+00,1.097379207611083984e+00
3.134819507598876953e+00,3.077255725860595703e+00
2.369209937751293182e-02,1.607805490493774414e-02
1.370188951492309570e+00,1.357570886611938477e+00
1.446415305137634277e+00,1.429515242576599121e+00
3.666095733642578125e-01,3.810963034629821777e-01
1.446415305137634277e+00,1.438971638679504395e+00
1.238186001777648926e+00,1.225903034210205078e+00
2.304827451705932617e+00,2.249465703964233398e+00
5.302674770355224609e-01,5.290541052818298340e-01
1.125792503356933594e+00,1.148618936538696289e+00
3.134819507598876953e+00,3.094894170761108398e+00
1.301248073577880859e+00,1.291360616683959961e+00
5.302674770355224609e-01,5.883826613426208496e-01
3.666095733642578125e-01,3.907792270183563232e-01
1.446415305137634277e+00,1.453281044960021973e+00
1.370188951492309570e+00,1.334706425666809082e+00
1.301248073577880859e+00,1.274115920066833496e+00
1.446415305137634277e+00,1.432049274444580078e+00
1.188419014215469360e-01,1.393010318279266357e-01
7.495573759078979492e-01,7.822188138961791992e-01
1.238186001777648926e+00,1.232938647270202637e+00
2.401259690523147583e-01,2.782414555549621582e-01
-2.401259690523147583e-01,-1.812185496091842651e-01
2.058627367019653320e+00,2.072440862655639648e+00
1.882118225097656250e+00,1.885933995246887207e+00
2.304827451705932617e+00,2.319804191589355469e+00
5.593323707580566406e-01,5.870814323425292969e-01
8.209961056709289551e-01,8.031358718872070312e-01
8.209961056709289551e-01,8.417513966560363770e-01
-1.188419014215469360e-01,-2.460812218487262726e-03
8.587300777435302734e-01,8.612308502197265625e-01
3.134819507598876953e+00,3.100322723388671875e+00
1.179963946342468262e+00,1.164654374122619629e+00
7.155902981758117676e-01,7.335664629936218262e-01
-2.369209937751293182e-02,5.180710554122924805e-02
2.304827451705932617e+00,2.389966249465942383e+00
4.194038212299346924e-01,4.101779758930206299e-01
1.075057387351989746e+00,1.034357666969299316e+00
-1.188419014215469360e-01,-1.141284406185150146e-01
1.370188951492309570e+00,1.344765663146972656e+00
1.125792503356933594e+00,1.074615240097045898e+00
1.882118225097656250e+00,1.867930293083190918e+00
1.370188951492309570e+00,1.397465586662292480e+00
1.027271509170532227e+00,1.038129448890686035e+00
1.669188737869262695e-01,1.853505522012710571e-01
8.209961056709289551e-01,8.063702583312988281e-01
5.017896890640258789e-01,5.134513974189758301e-01
5.017896890640258789e-01,5.371622443199157715e-01
1.301248073577880859e+00,1.301650524139404297e+00
7.155902981758117676e-01,7.732402682304382324e-01
2.304827451705932617e+00,2.258913278579711914e+00
-1.911539882421493530e-01,-1.641673892736434937e-01
1.882118225097656250e+00,1.844420075416564941e+00
1.446415305137634277e+00,1.452073216438293457e+00
1.370188951492309570e+00,1.317512154579162598e+00
1.743765950202941895e+00,1.786631226539611816e+00
6.826438903808593750e-01,6.989065408706665039e-01
2.304827451705932617e+00,2.330421447753906250e+00
1.370188951492309570e+00,1.341876983642578125e+00
1.125792503356933594e+00,1.111125349998474121e+00
1.301248073577880859e+00,1.256005287170410156e+00
1.179963946342468262e+00,1.167584657669067383e+00
8.587300777435302734e-01,8.133521080017089844e-01
1.911539882421493530e-01,2.723272740840911865e-01
6.194471716880798340e-01,6.291454434394836426e-01
2.155488580465316772e-01,2.345137298107147217e-01
1.301248073577880859e+00,1.271562457084655762e+00
5.593323707580566406e-01,5.623201131820678711e-01
1.301248073577880859e+00,1.296921372413635254e+00
1.075057387351989746e+00,1.051275491714477539e+00
1.743765950202941895e+00,1.724873185157775879e+00
2.058627367019653320e+00,2.086220502853393555e+00
1.370188951492309570e+00,1.378349304199218750e+00
2.401259690523147583e-01,2.617441117763519287e-01
3.134819507598876953e+00,3.102558135986328125e+00
-1.188419014215469360e-01,-5.536229535937309265e-02
2.058627367019653320e+00,2.087863683700561523e+00
8.781681060791015625e-01,8.764374256134033203e-01
1.370188951492309570e+00,1.325826287269592285e+00
1.027271509170532227e+00,1.070390582084655762e+00
1.370188951492309570e+00,1.314874172210693359e+00
3.928184211254119873e-01,3.681188225746154785e-01
1.179963946342468262e+00,1.155411362648010254e+00
6.194471716880798340e-01,6.389142870903015137e-01
4.740317165851593018e-02,1.327351331710815430e-01
1.882118225097656250e+00,1.901089429855346680e+00
1.238186001777648926e+00,1.241293907165527344e+00
1.911539882421493530e-01,2.844082415103912354e-01
5.017896890640258789e-01,5.009208321571350098e-01
1.125792503356933594e+00,1.130594730377197266e+00
1.370188951492309570e+00,1.344652891159057617e+00
1.238186001777648926e+00,1.270016431808471680e+00
1.370188951492309570e+00,1.425304770469665527e+00
1.301248073577880859e+00,1.254194378852844238e+00
1.669188737869262695e-01,1.461128294467926025e-01
1.179963946342468262e+00,1.135552167892456055e+00
1.238186001777648926e+00,1.227303743362426758e+00
2.058627367019653320e+00,2.101384878158569336e+00
1.301248073577880859e+00,1.348155140876770020e+00
1.446415305137634277e+00,1.384204506874084473e+00
-2.899219691753387451e-01,-2.720744609832763672e-01
5.302674770355224609e-01,5.367915630340576172e-01
1.882118225097656250e+00,1.720292448997497559e+00
1.370188951492309570e+00,1.312842369079589844e+00
3.134819507598876953e+00,3.104806661605834961e+00
4.194038212299346924e-01,4.361097514629364014e-01
4.464013874530792236e-01,4.586400985717773438e-01
1.301248073577880859e+00,1.309296727180480957e+00
5.017896890640258789e-01,5.218009352684020996e-01
-7.115228474140167236e-02,-1.925506256520748138e-02
1.179963946342468262e+00,1.145461201667785645e+00
8.209961056709289551e-01,8.055675625801086426e-01
6.194471716880798340e-01,5.745068192481994629e-01
1.238186001777648926e+00,1.227604866027832031e+00
6.826438903808593750e-01,6.837657690048217773e-01
1.370188951492309570e+00,1.382951498031616211e+00
1.446415305137634277e+00,1.414107561111450195e+00
1.125792503356933594e+00,1.111519932746887207e+00
1.301248073577880859e+00,1.393543601036071777e+00
1.179963946342468262e+00,1.197282552719116211e+00
7.495573759078979492e-01,7.350956201553344727e-01
1.629523873329162598e+00,1.576453566551208496e+00
1.669188737869262695e-01,1.526529490947723389e-01
1.629523873329162598e+00,1.642378211021423340e+00
1.446415305137634277e+00,1.333682179450988770e+00
4.194038212299346924e-01,4.477310478687286377e-01
1.188419014215469360e-01,1.459061801433563232e-01
1.911539882421493530e-01,2.714027464389801025e-01
1.027271509170532227e+00,1.010047435760498047e+00
1.188419014215469360e-01,1.977540105581283569e-01
5.593323707580566406e-01,5.578087568283081055e-01
1.428218334913253784e-01,1.622663736343383789e-01
1.179963946342468262e+00,1.195717096328735352e+00
1.531898260116577148e+00,1.482237815856933594e+00
8.209961056709289551e-01,8.256244063377380371e-01
2.058627367019653320e+00,1.987840414047241211e+00
1.446415305137634277e+00,1.452518701553344727e+00
1.531898260116577148e+00,1.513211250305175781e+00
3.134819507598876953e+00,3.062946319580078125e+00
5.890388488769531250e-01,6.013205051422119141e-01
1.334906101226806641e+00,1.287114739418029785e+00
7.155902981758117676e-01,7.282632589340209961e-01
6.826438903808593750e-01,6.804689764976501465e-01
1.629523873329162598e+00,1.605810284614562988e+00
5.302674770355224609e-01,5.528344511985778809e-01
3.407441675662994385e-01,3.647458255290985107e-01
2.369209937751293182e-02,1.268370300531387329e-01
1.125792503356933594e+00,1.098377704620361328e+00
3.151912987232208252e-01,3.170363306999206543e-01
1.882118225097656250e+00,1.886576414108276367e+00
1.370188951492309570e+00,1.393705368041992188e+00
1.152413725852966309e+00,1.183888435363769531e+00
1.578962206840515137e+00,1.580731987953186035e+00
2.401259690523147583e-01,2.761221826076507568e-01
1.125792503356933594e+00,1.089395046234130859e+00
8.209961056709289551e-01,8.105927109718322754e-01
1.370188951492309570e+00,1.388000130653381348e+00
1.743765950202941895e+00,1.739196419715881348e+00
1.075057387351989746e+00,1.058625698089599609e+00
1.075057387351989746e+00,1.056066274642944336e+00
4.464013874530792236e-01,4.279855191707611084e-01
-4.740317165851593018e-02,4.305169731378555298e-02
3.134819507598876953e+00,3.082398414611816406e+00
1.075057387351989746e+00,1.073293447494506836e+00
1.238186001777648926e+00,1.265029072761535645e+00
1.188419014215469360e-01,1.329298317432403564e-01
1.238186001777648926e+00,1.183133125305175781e+00
2.649088203907012939e-01,2.843267619609832764e-01
2.058627367019653320e+00,1.987100124359130859e+00
1.179963946342468262e+00,1.166862249374389648e+00
2.478213310241699219e+00,2.416401147842407227e+00
4.738494455814361572e-01,4.896530508995056152e-01
3.928184211254119873e-01,4.342487156391143799e-01
1.125792503356933594e+00,1.118121027946472168e+00
1.743765950202941895e+00,1.638083696365356445e+00
5.890388488769531250e-01,5.881307721138000488e-01
6.506240367889404297e-01,6.538125872611999512e-01
1.179963946342468262e+00,1.220684766769409180e+00
1.370188951492309570e+00,1.327065110206604004e+00
2.721338033676147461e+00,2.601536750793457031e+00
1.179963946342468262e+00,1.116899013519287109e+00
1.188419014215469360e-01,6.835751980543136597e-02
6.826438903808593750e-01,6.767958998680114746e-01
1.446415305137634277e+00,1.507075428962707520e+00
2.649088203907012939e-01,3.442891240119934082e-01
2.721338033676147461e+00,2.793534755706787109e+00
1.370188951492309570e+00,1.356520414352416992e+00
5.593323707580566406e-01,5.593869090080261230e-01
5.890388488769531250e-01,5.927041172981262207e-01
3.666095733642578125e-01,4.097893238067626953e-01
1.446415305137634277e+00,1.453109502792358398e+00
1.629523873329162598e+00,1.634081363677978516e+00
2.649088203907012939e-01,3.064957559108734131e-01
5.302674770355224609e-01,5.396002531051635742e-01
5.593323707580566406e-01,6.005685925483703613e-01
1.238186001777648926e+00,1.200660824775695801e+00
1.238186001777648926e+00,1.233797073364257812e+00
1.027271509170532227e+00,1.037020683288574219e+00
1.125792503356933594e+00,1.106643557548522949e+00
