Name,Atom,Coord,Mulliken_charges,NAO_charge,NMR_Shielding,HOMO_Energy,LUMO_Energy,Dipole,Volumn,Single_Energy
XPhos,"H,C,C,C,C,C,C,H,H,H,P,C,C,C,C,C,C,H,H,C,H,C,H,H,H,C,H,H,H,C,H,C,H,H,H,C,H,H,H,C,H,C,H,H,H,C,H,H,H,C,C,C,C,C,C,H,H,H,H,H,H,H,H,H,H,H,C,C,C,C,C,C,H,H,H,H,H,H,H,H,H,H,H","-2.14194,-0.91661,4.53525,-1.38966,-0.83106,3.75522,0.53479,-0.60338,1.70944,-1.77207,-0.52388,2.44979,-0.04197,-1.03069,4.04722,0.90251,-0.91694,3.02898,-0.83674,-0.40306,1.40654,-2.82822,-0.38522,2.24111,0.27387,-1.27819,5.05732,1.95386,-1.0819,3.24914,-1.33856,-0.02691,-0.35653,1.64017,-0.51039,0.68814,3.81379,-0.38714,-1.12448,1.97277,-1.63629,-0.10021,2.40697,0.67498,0.57469,3.47323,0.71056,-0.33059,3.05201,-1.54787,-0.98632,4.05729,1.62324,-0.41569,3.31205,-2.41337,-1.59138,1.21962,-2.96007,0.02143,0.29721,-2.77003,0.57789,0.81103,-3.54516,-1.3427,1.67984,-3.86149,-1.93154,0.25056,-2.8132,-1.93331,0.17808,-4.42922,-1.19874,2.03811,-3.98368,0.83411,2.98919,-4.21171,0.33769,1.48248,-4.92296,0.94586,2.2665,-3.60359,1.83593,4.97042,-0.3286,-2.114,5.04316,-1.31992,-2.58227,6.31583,-0.04892,-1.41872,6.52445,-0.79546,-0.64455,6.32055,0.9379,-0.9407,7.13806,-0.06977,-2.14421,4.70695,0.69172,-3.23788,4.63441,1.71085,-2.83972,3.76974,0.4709,-3.76018,5.52084,0.67759,-3.97295,2.13282,1.9066,1.43992,1.1436,1.78481,1.89395,2.10503,3.21758,0.63153,1.77306,4.04676,1.26778,1.4242,3.14891,-0.22344,3.09615,3.48286,0.2459,3.15306,2.01386,2.59166,3.13366,1.12299,3.22771,2.93668,2.88514,3.22224,4.17215,2.12397,2.20179,-1.61464,1.8562,-0.22736,-1.58006,4.05841,-1.51632,-2.90925,3.87622,0.63067,-2.82911,4.52772,-0.75695,-2.85963,2.33992,0.53906,-1.51784,2.52455,-1.6171,-0.68371,4.42216,-0.99263,-2.06767,4.22849,1.24531,-3.72695,4.2608,-1.33465,-3.76957,1.98961,0.0318,-2.3395,2.17735,-2.25816,-0.73292,2.18182,0.34349,-1.55456,4.49983,-2.52117,-3.82566,4.1889,1.14844,-2.83127,5.62151,-0.66531,-2.8729,1.91078,1.54779,-0.59035,2.21392,-2.11309,-3.0792,-0.76854,-0.44921,-5.10217,-1.10389,-1.97821,-4.3934,-2.96212,-0.41817,-5.02997,-2.6224,-1.77229,-3.014,-2.30053,-0.25884,-3.72435,-0.43894,-1.81399,-5.80076,-0.67222,-1.24593,-5.05628,-2.61957,0.39055,-4.42744,-3.06879,-2.57726,-2.32532,-2.7236,-1.00459,-3.05699,-0.78064,-2.6186,-3.72534,-0.35035,0.33563,-5.50884,-0.87071,-2.97088,-4.29802,-4.04958,-0.30214,-6.03103,-3.06627,-1.84754,-2.5973,-2.54599,0.72434,-3.83099,0.6444,-1.93856","0.142797
,-0.169995
,0.019894
,-0.211665
,-0.125271
,-0.236935
,-0.057067
,0.185551
,0.145067
,0.185448
,0.164156
,0.114275
,0.091198
,0.137775
,0.121015
,-0.256669
,-0.188504
,0.191465
,0.163334
,-0.311570
,0.161713
,-0.447003
,0.143668
,0.165754
,0.150430
,-0.402415
,0.143596
,0.143472
,0.141087
,-0.229487
,0.123553
,-0.418770
,0.150363
,0.137967
,0.142414
,-0.416481
,0.139165
,0.152122
,0.141269
,-0.349311
,0.177422
,-0.436449
,0.155140
,0.150059
,0.147047
,-0.386177
,0.134985
,0.144714
,0.145616
,-0.214922
,-0.281464
,-0.277749
,-0.263658
,-0.336367
,-0.320242
,0.150524
,0.147064
,0.138082
,0.156749
,0.160530
,0.120249
,0.143803
,0.141865
,0.142851
,0.160387
,0.172802
,-0.225003
,-0.269493
,-0.265962
,-0.271660
,-0.360581
,-0.354425
,0.142471
,0.142308
,0.143042
,0.173767
,0.175920
,0.173125
,0.143546
,0.143601
,0.141789
,0.177616
,0.139669
","0.21499,-0.21722,-0.02311,-0.21066,-0.19957,-0.21353,-0.31059,0.20893,0.21574,0.21623,0.81098,-0.06364,0.00536,0.03289,0.01736,-0.22997,-0.22128,0.20275,0.20322,-0.24350,0.21553,-0.59627,0.19687,0.21970,0.20539,-0.58828,0.20049,0.20435,0.20943,-0.22977,0.19833,-0.59137,0.21133,0.19935,0.20506,-0.59092,0.20000,0.21267,0.20428,-0.24389,0.21400,-0.59600,0.20767,0.21053,0.19973,-0.58759,0.20883,0.20478,0.20150,-0.47444,-0.39471,-0.39150,-0.39675,-0.40923,-0.40861,0.19348,0.19322,0.19132,0.19036,0.19509,0.22028,0.20830,0.20674,0.20722,0.21075,0.21900,-0.49029,-0.39221,-0.39164,-0.39653,-0.40903,-0.40549,0.19155,0.19130,0.19366,0.20033,0.20092,0.20196,0.20816,0.20836,0.20666,0.21454,0.20613","23.4930000000,35.7804000000,8.1745000000,29.5826000000,34.9380000000,30.5330000000,17.7546000000,23.3550000000,23.6335000000,23.8973000000,292.5774000000,23.1639000000,11.2446000000,12.5712000000,13.9668000000,44.0031000000,41.4679000000,24.0200000000,24.0200000000,149.5655000000,29.5818000000,161.4225000000,30.3689600000,30.3689600000,31.0216200000,157.7876333333,31.0216200000,31.1306000000,31.0216200000,146.2281000000,29.0194000000,157.2455000000,30.6296583333,30.3689600000,30.6296583333,156.8365000000,30.6296583333,30.6296583333,30.6296583333,149.0533000000,29.6729000000,161.1769000000,30.9082000000,30.8029000000,30.3689600000,156.2600000000,30.6296583333,31.0216200000,31.0216200000,142.2807000000,154.9635000000,153.9160000000,156.7374000000,157.7876333333,149.4693000000,30.7347000000,30.9082000000,30.8029000000,30.6296583333,30.6296583333,30.9082000000,30.3689600000,30.1437000000,30.3689600000,29.8121000000,30.3689600000,147.7045000000,155.0705000000,156.4070000000,157.7876333333,153.9874000000,151.8443000000,30.6296583333,30.6296583333,30.6296583333,30.9082000000,30.6296583333,29.7513000000,30.1437000000,30.3689600000,30.3689600000,30.3689600000,30.0649000000",-0.25826,0.00102,1.2784,4858.471,-1628.280359
t-BuXPhos,"H,C,C,C,C,C,C,H,H,H,P,C,C,C,C,C,C,H,H,C,H,C,H,H,H,C,H,H,H,C,H,C,H,H,H,C,H,H,H,C,H,C,H,H,H,C,H,H,H,C,C,C,H,H,H,H,C,C,C,H,H,H,H,H,H,H,H,C,H,H,H,C,H,H,H","-3.24154,1.20679,3.83207,-2.40237,0.93658,3.19663,-0.23983,0.26072,1.51621,-2.60732,0.69911,1.83541,-1.13419,0.80815,3.73648,-0.07009,0.47116,2.90541,-1.55698,0.3376,0.96778,-3.62272,0.79588,1.46781,-0.96762,0.97314,4.79707,0.92149,0.37129,3.34405,-1.9316,-0.08541,-0.77266,0.99956,-0.02993,0.73504,3.4083,-0.58633,-0.70358,1.87928,1.029,0.34152,1.39092,-1.37329,0.45931,2.57919,-1.61832,-0.26335,3.05619,0.72344,-0.37611,2.882,-2.64376,-0.46383,3.73126,1.52548,-0.66459,1.64957,2.48943,0.74976,0.59758,2.63275,1.01416,2.49684,2.84225,1.97965,3.56912,2.77921,1.76139,2.29682,2.17052,2.81862,2.28357,3.86357,2.31362,1.95094,3.5039,-0.36597,3.02647,3.62916,-0.53204,1.55287,4.48885,-0.09719,1.50345,3.20768,-1.31822,4.67605,-0.90715,-1.47438,4.712,-1.99003,-1.65351,5.92612,-0.54034,-0.67098,5.92484,-1.03921,0.30461,5.99691,0.53838,-0.49357,6.83132,-0.84989,-1.20449,4.69162,-0.23084,-2.84797,4.7248,0.86114,-2.76851,3.79904,-0.49688,-3.42517,5.56894,-0.54786,-3.42224,0.62164,-2.5767,1.00616,-0.36594,-2.25956,1.34808,1.34405,-3.16224,2.22453,0.76334,-3.98294,2.65936,1.4844,-2.40351,3.00218,2.33265,-3.55471,1.96153,0.38176,-3.66947,-0.04435,-0.29941,-4.43199,0.34954,1.30426,-4.18457,-0.33104,-0.0668,-3.25232,-0.95202,-2.38793,1.49355,-1.6549,-2.8148,1.20977,-3.10828,-1.11346,2.35994,-1.74726,-2.0798,0.5912,-3.63713,-0.27763,1.81503,-2.20215,-3.78316,0.70814,-3.16895,-0.80339,2.70551,-0.75795,-3.33543,-1.3205,-0.82558,-3.20581,-2.11954,-2.14832,-4.75711,-0.75427,-0.75624,-3.35331,-1.49443,-3.03317,-4.99809,-0.11681,-1.60921,-2.2217,-2.59481,-2.24239,-4.94317,-0.18813,0.15842,-2.91876,2.1423,-3.67693,-1.28414,3.25828,-2.3532,-5.49788,-1.56422,-0.77187,-3.95554,-2.91883,-2.19895,-3.20293,-2.35878,0.31096,-3.3088,-1.91248,1.30396,-2.24555,-2.88102,0.27474,-3.98062,-3.12892,0.23165,-3.45783,2.35695,-0.97293,-3.13307,2.71635,0.0088,-4.40949,1.84257,-0.83958,-3.67068,3.25169,-1.57169","0.142545
,-0.175453
,0.109894
,-0.202696
,-0.115581
,-0.252156
,-0.140125
,0.175878
,0.145683
,0.193548
,0.087622
,0.087111
,0.097934
,0.132813
,0.197315
,-0.207652
,-0.270229
,0.164049
,0.191410
,-0.331901
,0.173642
,-0.386834
,0.147490
,0.128434
,0.146690
,-0.451223
,0.142550
,0.158739
,0.167228
,-0.233465
,0.123182
,-0.414916
,0.149146
,0.138010
,0.142001
,-0.419455
,0.138379
,0.153235
,0.141702
,-0.352439
,0.173357
,-0.399083
,0.144295
,0.139997
,0.144139
,-0.472671
,0.160500
,0.149207
,0.169821
,0.026220
,-0.494903
,-0.541937
,0.182087
,0.185375
,0.146596
,0.166794
,-0.050388
,-0.438949
,-0.478285
,0.160445
,0.148520
,0.167284
,0.159939
,0.156795
,0.165399
,0.155270
,0.149698
,-0.470833
,0.178681
,0.139563
,0.160327
,-0.497280
,0.173039
,0.167305
,0.151573
","0.21441,-0.22164,-0.00543,-0.19566,-0.19428,-0.21166,-0.34336,0.20847,0.21602,0.21693,0.81861,-0.06743,0.00502,0.03013,0.04191,-0.22463,-0.23599,0.20380,0.20500,-0.24829,0.21382,-0.58571,0.20204,0.20642,0.20494,-0.59696,0.19791,0.20869,0.21488,-0.23360,0.19919,-0.58924,0.21058,0.19977,0.20431,-0.59018,0.19964,0.21262,0.20431,-0.25022,0.21603,-0.58651,0.20419,0.20841,0.20100,-0.60050,0.20551,0.19992,0.21837,-0.31645,-0.60546,-0.60970,0.21769,0.22279,0.20163,0.20802,-0.31743,-0.60325,-0.60667,0.20803,0.20331,0.21802,0.20093,0.20982,0.20876,0.20544,0.20401,-0.60524,0.21388,0.21361,0.20883,-0.61618,0.21222,0.20690,0.20497","23.8328000000,39.0579000000,3.9836000000,20.4088000000,32.8544000000,28.6628000000,24.8770000000,22.9728000000,23.4929000000,23.6395000000,290.4481000000,21.9713000000,10.3825000000,8.1324000000,8.9459000000,39.2040000000,44.4979000000,23.9662000000,23.8328000000,150.6171000000,29.7630000000,154.8454000000,31.1296571429,30.6286636364,30.9957142857,161.1086000000,30.6286636364,30.9957142857,30.8633000000,145.4672000000,29.0619000000,156.8861000000,30.6286636364,30.6286636364,30.6286636364,159.5259000000,30.6286636364,30.6286636364,30.6286636364,150.7167000000,29.4571000000,157.5629000000,31.1296571429,30.9957142857,31.1296571429,160.4021000000,30.9957142857,30.4814333333,30.3406000000,147.8342000000,152.2141000000,147.1646000000,30.6286636364,30.9957142857,30.6286636364,31.3065000000,149.5640000000,146.3834000000,153.0531000000,30.4814333333,30.2680000000,30.4814333333,30.1001000000,31.1296571429,31.4285500000,30.9957142857,31.1296571429,150.7167000000,31.1296571429,30.9957142857,31.4285500000,157.1763000000,30.6286636364,30.0436000000,31.1296571429",-0.24044,-0.00405,1.3054,4349.074,-1473.42124
t-BuBrettPhos,"H,C,C,C,C,C,C,H,P,C,C,C,C,C,C,H,H,C,H,C,H,H,H,C,H,H,H,C,H,C,H,H,H,C,H,H,H,C,H,C,H,H,H,C,H,H,H,O,O,C,H,H,H,C,H,H,H,C,C,C,H,H,C,C,C,H,H,H,H,C,H,H,H,H,H,C,H,H,H,H,H,H,H","3.14282,-3.61722,-0.45426,2.3119,-2.93954,-0.29945,0.11653,-1.21433,0.05696,2.4918,-1.55974,-0.34487,1.0536,-3.47203,-0.02615,-0.02963,-2.62191,0.16168,1.41139,-0.66087,-0.1418,0.94012,-4.54787,0.03518,1.60909,1.20884,0.07339,-1.16347,-0.40804,0.14287,-3.61089,1.02335,0.29743,-1.62234,0.09469,1.38147,-1.97667,-0.25063,-1.01255,-3.16933,0.47316,-0.90763,-2.82676,0.80594,1.42839,-3.78058,0.60074,-1.79656,-3.17054,1.19968,2.38195,-0.88742,-0.17505,2.69198,0.11513,-0.53436,2.44238,-0.72733,1.08061,3.56764,-1.68652,1.41336,3.98134,-0.30174,1.91122,2.99672,-0.06642,0.87018,4.41737,-1.58841,-1.29675,3.48684,-1.68093,-2.2048,2.88436,-2.59729,-0.98871,3.78775,-1.02475,-1.53639,4.3975,-4.90657,1.81886,0.38512,-5.03117,2.11609,1.43564,-6.1332,0.97147,-0.00155,-6.20444,0.07251,0.62057,-6.08075,0.64909,-1.0483,-7.05801,1.54807,0.12255,-4.84116,3.10978,-0.45311,-4.72957,2.88457,-1.5205,-3.9908,3.7321,-0.15383,-5.75794,3.69939,-0.33039,-1.65558,-0.91154,-2.35779,-0.58641,-1.14889,-2.37234,-1.95779,-0.02521,-3.58304,-1.53806,-0.48478,-4.4859,-1.54019,0.97982,-3.4872,-3.03656,0.07504,-3.75028,-2.42606,-2.24152,-2.51507,-2.14751,-2.73691,-3.45387,-3.50675,-2.05482,-2.54192,-2.22627,-2.92136,-1.68559,3.72425,-1.00283,-0.56949,-1.29094,-3.07692,0.46592,4.82376,-1.85726,-0.8318,5.67738,-1.19968,-1.00746,4.65288,-2.47346,-1.72431,5.04373,-2.51214,0.02192,-1.47688,-4.47074,0.64509,-0.84397,-4.86228,1.45278,-1.27169,-5.03105,-0.27731,-2.52685,-4.59756,0.91506,2.08371,1.94294,-1.64741,2.25013,3.46586,-1.45322,0.8388,1.71699,-2.52381,3.1588,3.72312,-0.90127,0.69985,0.65523,-2.74355,3.07737,1.50552,1.32593,3.08166,0.37621,2.37353,2.69011,2.81888,2.0506,2.09068,0.21327,2.80858,1.71852,2.73722,2.54576,3.43218,-0.56981,1.95448,2.6436,3.67219,1.36636,4.50698,1.67836,0.78167,4.59482,2.53951,0.113,4.852,0.7915,0.25225,3.75782,0.64912,3.19591,3.44332,3.05107,2.81653,5.18901,1.85937,1.62535,3.29855,1.3825,-2.40642,3.17975,0.31776,-2.61981,4.23586,1.51405,-1.864,3.39272,1.90924,-3.3678,1.39484,3.90148,-0.92442,-0.07175,2.08903,-2.04347,2.31828,3.95191,-2.4361,0.95972,2.24079,-3.48237","0.157996
,-0.268542
,-0.010682
,0.255401
,-0.231649
,0.196503
,-0.168370
,0.159443
,0.108514
,0.196872
,0.090191
,0.216311
,0.092815
,-0.256724
,-0.199757
,0.189501
,0.160102
,-0.354720
,0.155968
,-0.469740
,0.149517
,0.165397
,0.160215
,-0.400493
,0.144154
,0.142356
,0.141011
,-0.232593
,0.122432
,-0.417440
,0.149514
,0.137509
,0.141057
,-0.416802
,0.139606
,0.151378
,0.139976
,-0.315947
,0.167600
,-0.452390
,0.156868
,0.169006
,0.141350
,-0.393436
,0.141947
,0.144406
,0.139867
,-0.307213
,-0.293499
,-0.310703
,0.159768
,0.161076
,0.158805
,-0.361021
,0.164732
,0.164543
,0.168667
,0.003964
,-0.490894
,-0.555530
,0.148397
,0.173006
,-0.042337
,-0.460471
,-0.431695
,0.143253
,0.152026
,0.168416
,0.160964
,-0.433735
,0.143105
,0.135726
,0.151965
,0.145753
,0.148733
,-0.434932
,0.153633
,0.152823
,0.144875
,0.178470
,0.188492
,0.152596
,0.162746
","0.21981,-0.28983,-0.03047,0.27345,-0.26639,0.26219,-0.33575,0.22066,0.79306,-0.04679,0.00437,0.03788,0.02688,-0.23438,-0.22373,0.20294,0.20201,-0.24453,0.21294,-0.59977,0.19916,0.21732,0.20586,-0.59083,0.21718,0.19956,0.20129,-0.22933,0.19775,-0.59119,0.21103,0.19944,0.20400,-0.59102,0.20027,0.21239,0.20343,-0.24285,0.21208,-0.59715,0.20802,0.21450,0.19732,-0.59097,0.20070,0.19968,0.21821,-0.49571,-0.48458,-0.25346,0.19758,0.17529,0.17309,-0.25468,0.17315,0.17063,0.20063,-0.27724,-0.61611,-0.62247,0.20331,0.21012,-0.26492,-0.61178,-0.61243,0.20941,0.21431,0.21321,0.20791,-0.61696,0.20072,0.22018,0.20470,0.20136,0.20041,-0.60960,0.21382,0.20980,0.19760,0.21675,0.22132,0.20732,0.20689","24.4915000000,62.1238000000,15.9711000000,7.0337000000,56.6441000000,11.6350000000,30.5042000000,24.3690000000,247.4619000000,26.7888000000,10.7433000000,10.6179000000,11.9821000000,43.8625000000,40.6616000000,23.9253000000,23.9902000000,149.2328000000,29.3386000000,160.4493000000,30.4037000000,30.2558000000,30.8838000000,156.5011000000,30.5977153846,31.1245833333,31.0168000000,145.1919000000,29.0936000000,156.6524000000,30.5977153846,30.5977153846,30.5977153846,158.7430000000,30.5977153846,30.5977153846,30.5977153846,148.2425000000,29.8622000000,159.3803000000,31.0168000000,30.8838000000,30.5977153846,156.0338000000,31.1245833333,31.3397000000,30.5977153846,218.8936000000,226.4327000000,130.4548000000,27.7870000000,28.2587000000,28.2587000000,129.7617000000,28.5363500000,28.5363500000,28.2587000000,139.9528000000,152.1379000000,147.8955000000,30.5977153846,31.0168000000,141.1845000000,153.5456000000,146.2978000000,31.1245833333,30.5977153846,31.1245833333,30.5977153846,152.8385000000,30.2558000000,29.6669000000,31.4703500000,31.2336333333,31.1245833333,152.9532000000,30.5977153846,30.0028000000,31.2336333333,30.7681000000,31.1245833333,31.2336333333,31.4703500000",-0.24626,-0.00119,3.6412,4653.768,-1702.472914
P2Et,"C,H,H,N,P,N,H,C,H,H,H,N,C,H,H,H,C,H,H,H,C,H,H,C,H,H,H,P,N,N,N,N,C,H,H,H,C,H,H,H,C,H,H,H,C,H,H,H,C,H,H,H,C,H,H,H","-3.76184,-0.56395,-1.36442,-4.15561,-0.24075,-2.33759,-4.22637,-1.53112,-1.11001,-2.3063,-0.65124,-1.42644,-1.4698,-0.26305,0.01426,-1.83592,1.15069,0.59349,-4.05621,0.16868,-0.61043,-1.83381,-1.58151,-2.44079,-2.17404,-1.25184,-3.43325,-2.21914,-2.60516,-2.286,-0.74446,-1.61314,-2.4354,-1.99563,-1.38286,1.1921,-2.28142,-0.95844,2.55535,-2.59217,0.08563,2.54184,-1.40538,-1.06028,3.22135,-3.08738,-1.57932,2.97175,-1.5402,-2.75953,1.08612,-1.46019,-3.06012,0.03854,-2.26846,-3.42278,1.57149,-0.55755,-2.92578,1.56107,-1.89412,2.35869,-0.20883,-2.26185,2.17328,-1.23425,-0.89465,2.81724,-0.33283,-2.8069,3.39446,0.45475,-3.82814,3.00603,0.54272,-2.83747,4.32822,-0.12215,-2.45255,3.62349,1.46659,1.47139,-0.03427,-0.07436,0.07847,-0.67658,-0.40924,1.82615,0.65986,1.42668,2.61043,-1.29034,-0.13643,1.82685,1.2419,-1.12838,1.86712,-0.21964,2.60068,2.53028,0.22232,3.35475,2.25359,-1.2013,2.32475,0.87177,-0.34475,3.05089,1.27107,1.9822,1.76038,0.22406,1.90862,2.08025,1.31528,2.64107,0.89352,1.87573,2.41894,2.56476,3.08143,1.98722,-1.08214,2.8851,3.04946,-1.28143,3.79978,1.63214,-1.83756,3.54105,1.90705,-0.09638,1.12454,1.37557,-2.40295,0.1692,0.85409,-2.36262,1.71757,0.97338,-3.23977,0.93285,2.43787,-2.60238,4.03632,-1.02363,0.02846,4.19119,-0.18344,0.70706,4.53924,-0.80606,-0.92753,4.51927,-1.90702,0.46576,2.33673,-2.48996,-0.92435,1.26299,-2.66904,-0.95207,2.83225,-3.34919,-0.45361,2.71463,-2.40567,-1.9564","-0.357839
,0.141238
,0.138613
,-0.213977
,0.564673
,-0.539697
,0.170488
,-0.384639
,0.148418
,0.144435
,0.160912
,-0.178589
,-0.366690
,0.184280
,0.114630
,0.137626
,-0.362853
,0.151438
,0.146618
,0.137934
,-0.201464
,0.129551
,0.106693
,-0.369332
,0.124538
,0.115612
,0.124699
,0.605167
,-0.585219
,-0.217619
,-0.213751
,-0.191493
,-0.376495
,0.158389
,0.167887
,0.158482
,-0.396423
,0.193445
,0.167051
,0.151951
,-0.410566
,0.168070
,0.159935
,0.179011
,-0.368422
,0.175312
,0.148375
,0.156774
,-0.394239
,0.173798
,0.160036
,0.161386
,-0.356245
,0.169274
,0.142751
,0.146064
","-0.40735,0.18696,0.17468,-0.79812,2.35702,-1.17470,0.22312,-0.40102,0.18486,0.16713,0.22278,-0.78981,-0.40221,0.24735,0.15808,0.18089,-0.39687,0.20112,0.19123,0.17217,-0.20718,0.16100,0.15137,-0.59304,0.19807,0.19134,0.19769,2.39819,-1.55270,-0.80237,-0.79843,-0.80787,-0.40855,0.19359,0.21801,0.19031,-0.41660,0.22112,0.21293,0.18974,-0.40739,0.19581,0.18308,0.21452,-0.40197,0.23457,0.17553,0.19228,-0.40863,0.21398,0.18016,0.19694,-0.40160,0.23635,0.18877,0.17366","147.7467500000,29.7447400000,29.9152000000,206.8105000000,275.6503000000,179.9340000000,28.7743333333,142.7730000000,29.3854333333,29.3211000000,27.9876000000,207.6884000000,144.6056000000,27.5733000000,29.7447400000,29.7447400000,146.7907000000,29.3211000000,29.7447400000,29.7447400000,143.9945000000,28.9417000000,29.0841000000,161.0875000000,30.8734000000,30.9921000000,30.7767000000,263.9010000000,167.5895000000,213.3255000000,205.8598000000,205.2868000000,147.9186000000,29.7447400000,29.0309000000,29.3854333333,147.7467500000,28.3389000000,29.0841000000,29.7447400000,146.0146000000,29.5116500000,29.3854333333,28.7743333333,145.2217000000,28.0624000000,29.5998000000,29.7447400000,147.0113000000,28.7743333333,29.5116500000,29.7447400000,146.0849000000,27.9090000000,29.7447400000,29.5998000000",-0.23891,0.04013,5.1458,3156.106,-1544.293294
"N,N-dibenzylisoxazol-5-amine","O,N,C,C,C,H,H,N,C,H,H,C,H,H,C,C,C,C,C,C,H,H,H,H,H,C,C,C,C,C,C,H,H,H,H,H","-0.68589,-2.9284,-0.48019,-1.83683,-3.67122,-0.86626,-2.8424,-2.92409,-0.47682,-2.44953,-1.72066,0.15891,-1.07442,-1.78375,0.12066,-3.0727,-0.9331,0.54815,-3.84884,-3.28082,-0.66328,-0.08722,-0.92053,0.52811,-0.50363,0.23451,1.32833,0.42025,0.69331,1.69699,-1.0725,-0.09603,2.21238,1.25751,-1.45877,0.80541,1.3731,-1.64342,1.88459,1.32695,-2.4264,0.30617,-1.30306,1.28333,0.57314,-2.73034,3.31248,-0.74542,-2.40135,1.8967,1.18591,-0.9259,1.69813,-0.70993,-1.6359,2.70371,-1.36478,-3.11113,2.90722,0.53378,-2.70461,1.58141,2.18249,-0.07577,1.2259,-1.1932,-1.3341,3.01342,-2.36195,-3.96317,3.37123,1.02359,-3.28322,4.09479,-1.25841,2.36578,-0.54589,0.31986,4.4413,1.1101,-0.59822,3.27986,0.01453,1.2172,2.50457,-0.26872,-1.04816,3.53319,0.5532,-1.50419,4.31389,0.83826,0.76308,3.18614,-0.19891,2.28005,1.80223,-0.70657,-1.75348,3.63182,0.75601,-2.56735,5.01549,1.26645,1.47398,5.24363,1.75036,-0.95472","-0.197324
,-0.157900
,-0.078591
,-0.252609
,0.354978
,0.163196
,0.149633
,-0.159934
,-0.376225
,0.197690
,0.189795
,-0.414257
,0.183614
,0.219836
,0.126663
,-0.156171
,-0.227652
,-0.150594
,-0.141500
,-0.128633
,0.151126
,0.158915
,0.144737
,0.145228
,0.145086
,0.187971
,-0.151942
,-0.197670
,-0.245635
,-0.120454
,-0.134390
,0.151391
,0.180107
,0.148641
,0.146019
,0.146852
","-0.32693,-0.15431,-0.01071,-0.46190,0.51268,0.24568,0.21802,-0.42192,-0.22868,0.22538,0.19233,-0.22913,0.18768,0.24571,-0.03959,-0.21367,-0.21610,-0.20254,-0.19842,-0.20511,0.21080,0.22259,0.21526,0.21519,0.21546,-0.04439,-0.20995,-0.21131,-0.20425,-0.20251,-0.20547,0.21138,0.21980,0.21651,0.21617,0.21624","-83.7262000000,-190.7778000000,10.2049000000,93.9396000000,-8.6658000000,27.0481000000,23.3708000000,150.8506000000,127.3264000000,27.5345000000,27.7342000000,125.6253000000,28.0141000000,26.0590000000,21.4648000000,35.8147000000,35.1196000000,33.8797000000,33.8797000000,36.4416000000,23.8503200000,23.8503200000,23.8503200000,23.8503200000,23.8503200000,21.8058000000,34.8532000000,32.6217000000,31.1321000000,33.6067000000,34.1058000000,23.7363000000,23.0687000000,23.3708000000,23.5792500000,23.5792500000",-0.26526,0.00271,3.9939,2300.949,-842.0712509
"N,N-dibenzylisoxazol-3-amine","O,N,C,C,C,H,H,N,C,H,H,C,H,H,C,C,C,C,C,C,H,H,H,H,H,C,C,C,C,C,C,H,H,H,H,H","0.96503,-3.69527,-0.95763,0.02332,-2.8896,-0.28616,0.72722,-1.89365,0.24106,2.1236,-2.00992,-0.07896,2.18019,-3.14708,-0.81558,2.9298,-1.34401,0.1832,2.99475,-3.67499,-1.29243,0.12719,-0.9138,0.99264,0.93535,0.14073,1.58988,1.72845,-0.29437,2.21852,0.27258,0.68621,2.27109,-1.27794,-1.07194,1.39339,-1.52362,-2.13202,1.28627,-1.35945,-0.82202,2.45859,-2.25658,-0.22657,0.59731,-4.05244,1.34545,-0.88603,-2.88615,0.87903,1.17904,-2.54248,-0.54254,-0.74036,-3.43161,0.24019,-1.47584,-3.77974,1.6625,0.44426,-2.68109,1.12762,2.21863,-2.06507,-1.40768,-1.19297,-3.6474,-0.0168,-2.50977,-4.26104,2.51744,0.91207,-4.74772,1.95194,-1.46047,1.56542,1.13211,0.61903,2.72885,3.04437,-1.07974,2.81285,1.69146,0.92131,0.90774,1.53749,-0.5483,1.48716,2.48629,-1.3913,3.39165,2.6445,0.08131,3.3366,1.37911,1.8233,-0.05533,1.10279,-0.79854,0.96624,2.78965,-2.29573,4.36153,3.0671,0.33071,3.17852,3.7815,-1.73963","-0.157430
,-0.240960
,0.314039
,-0.273680
,0.015558
,0.163275
,0.164132
,-0.124566
,-0.378457
,0.195558
,0.180268
,-0.495253
,0.224537
,0.200026
,0.157142
,-0.151131
,-0.169279
,-0.197383
,-0.133553
,-0.142294
,0.143507
,0.197676
,0.146770
,0.142647
,0.143999
,0.090007
,-0.153032
,-0.214043
,-0.122505
,-0.158467
,-0.137359
,0.146825
,0.189628
,0.145417
,0.144268
,0.144113
","-0.28063,-0.23685,0.33174,-0.40824,0.16187,0.24621,0.20973,-0.41566,-0.22009,0.19347,0.21873,-0.22597,0.24227,0.19379,-0.04279,-0.21414,-0.21248,-0.20987,-0.20467,-0.20784,0.20803,0.23467,0.21535,0.21438,0.21438,-0.04296,-0.21613,-0.21975,-0.20785,-0.19729,-0.20519,0.20923,0.22952,0.21575,0.21438,0.21486","-70.6061000000,-151.3442000000,-3.5858000000,75.7870000000,4.1917000000,26.0939000000,23.4555000000,168.1863000000,124.2347000000,27.1447000000,27.3405000000,122.9937000000,25.9408000000,28.0580000000,18.3610000000,34.5357000000,33.5005000000,29.8787000000,33.0384000000,36.3762000000,23.8280333333,22.6561000000,23.4555000000,23.8280333333,23.5354000000,20.6824000000,35.2056000000,36.9208000000,35.8060000000,33.1687000000,34.2424000000,23.8280333333,24.6884000000,24.0570000000,23.6094000000,23.7407000000",-0.27123,0.00951,3.1221,2191.379,-842.0690304
MTBD,"H,C,C,C,N,N,C,H,H,H,H,H,C,H,H,C,H,H,C,H,H,N,C,H,H,H","-0.32183,-2.85517,0.21157,-0.64635,-1.90333,-0.22764,-2.3437,-0.10269,-0.19237,0.05696,0.47776,0.02019,-1.28882,0.82755,0.18953,0.35155,-0.8943,0.10765,-2.0151,-1.50416,0.3033,-2.49897,-0.11744,-1.28818,-2.00391,-1.51146,1.39908,-0.70142,-2.06088,-1.3215,-3.28011,0.25121,0.25383,-2.77403,-2.21761,-0.03723,1.72533,-1.28818,-0.19396,1.87947,-1.38781,-1.28399,1.88962,-2.28082,0.244,2.69888,-0.26668,0.38167,3.73047,-0.54037,0.12913,2.61184,-0.26814,1.47522,2.33799,1.11553,-0.16991,2.6761,1.19386,-1.21632,2.887,1.89336,0.37803,0.92031,1.42554,-0.10634,-1.62146,2.23607,0.03284,-1.62838,2.55587,-1.02141,-0.88589,2.84265,0.5588,-2.6165,2.40536,0.45841","0.140236
,-0.201000
,-0.191055
,0.301841
,-0.178994
,-0.181428
,-0.282429
,0.139656
,0.146101
,0.143337
,0.142385
,0.144199
,-0.211670
,0.147412
,0.138806
,-0.302557
,0.136873
,0.145533
,-0.170066
,0.129286
,0.130348
,-0.368682
,-0.334233
,0.142681
,0.167633
,0.125789
","0.19912,-0.19630,-0.20070,0.59099,-0.43674,-0.45802,-0.40850,0.16628,0.21154,0.16744,0.20147,0.21389,-0.19906,0.16970,0.19612,-0.42183,0.21082,0.20463,-0.22429,0.18135,0.19431,-0.56949,-0.39400,0.18005,0.23487,0.18636","29.0575500000,131.5316000000,132.9544000000,17.4132000000,172.6548000000,166.4475000000,159.1967500000,28.9345333333,29.6876000000,28.9345333333,28.9345333333,30.2543000000,132.4231000000,28.8413000000,29.0575500000,159.1967500000,30.2543000000,29.9610000000,137.6849000000,28.4666000000,28.3452000000,35.2411000000,145.6383000000,29.5334000000,27.9775000000,30.0407000000",-0.25586,0.04866,2.8363,1425.688,-478.0947972
methyl-isoxazole-5-carboxylate,"O,N,C,C,C,H,H,C,O,O,C,H,H,H","1.38868,-1.02349,0.,2.6741,-0.50166,0.,2.52619,0.80581,0.,1.16054,1.18939,0.,0.50098,-0.00674,0.,3.40891,1.43258,0.,0.73229,2.17932,0.,-0.93331,-0.37165,0.,-1.3601,-1.50364,0.,-1.69347,0.74373,0.,-3.11361,0.51097,0.,-3.40806,-0.05037,-0.89038,-3.40806,-0.05037,0.89038,-3.56935,1.50098,0.","-0.114654
,-0.091417
,-0.073437
,-0.179449
,0.162769
,0.162899
,0.168195
,0.322671
,-0.302842
,-0.269136
,-0.253654
,0.159180
,0.159180
,0.149694
","-0.23910,-0.09076,-0.04933,-0.31088,0.18764,0.22681,0.25181,0.73566,-0.54996,-0.48303,-0.26135,0.19387,0.19387,0.19475","-148.8751000000,-239.2584000000,11.1310000000,60.9671000000,-0.7123000000,22.7450000000,24.5864000000,10.7518000000,-159.8537000000,135.2863000000,130.6136000000,27.9559000000,27.9559000000,28.2018000000",-0.34304,-0.03784,4.7182,977.25,-473.9114666
methyl-5-(thiophen-2-yl)isoxazole-3-carboxylate,"O,N,C,C,C,H,C,O,C,H,H,H,O,C,S,C,C,C,H,H,H","-0.04378,-1.15568,0.00783,-1.43025,-1.09326,0.00994,-1.7202,0.1954,0.00474,-0.55342,1.0055,-0.00037,0.47474,0.10271,0.00135,-0.52076,2.08276,-0.00342,-3.10176,0.7836,0.00888,-4.2033,0.01446,-0.00283,-4.19715,-1.42355,-0.02973,-3.69371,-1.80163,-0.92174,-5.25229,-1.70049,-0.0465,-3.71293,-1.83465,0.85821,-3.21975,1.9897,0.02337,1.91233,0.22512,-0.00271,2.94996,-1.18371,0.01386,4.36546,-0.1881,-0.00225,4.05765,1.14701,-0.01861,2.65698,1.38546,-0.01882,5.34453,-0.64824,0.0015,4.80348,1.93377,-0.03024,2.211,2.37391,-0.03094","-0.169222
,-0.140114
,0.039795
,-0.259352
,0.300932
,0.188695
,0.358586
,-0.218615
,-0.268600
,0.159218
,0.159448
,0.159342
,-0.315675
,-0.026990
,0.112243
,-0.217953
,-0.162779
,-0.193342
,0.175031
,0.154026
,0.165325
","-0.26593,-0.11054,0.01994,-0.31491,0.29383,0.26018,0.76437,-0.47516,-0.25493,0.19235,0.19529,0.19291,-0.54917,-0.27788,0.48215,-0.39623,-0.25869,-0.20725,0.24393,0.23373,0.23203","-120.5981000000,-216.3292000000,-0.2692000000,67.5255000000,-5.4837000000,24.2429000000,7.5853000000,128.5831000000,124.0059000000,27.2340500000,27.8480000000,27.2340500000,-196.3037000000,26.7697000000,192.2677000000,29.0586000000,36.8286000000,37.6768000000,23.7625000000,23.9148000000,23.6794000000",-0.29023,-0.04642,3.8712,1509.399,-1025.714723
methyl-5-(furan-2-yl)isoxazole-3-carboxylate,"O,N,C,C,C,H,C,O,C,H,H,H,O,C,O,C,C,C,H,H,H","0.20685,-1.23109,-0.01031,-1.17685,-1.12699,-0.01187,-1.43329,0.16879,-0.00484,-0.24495,0.9464,0.00115,0.7545,0.0126,-0.0022,-0.18029,2.0223,0.00605,-2.79812,0.79407,-0.00671,-3.91996,0.05485,0.00454,-3.9527,-1.38297,0.02405,-3.47958,-1.80272,-0.86584,-5.01498,-1.63127,0.03915,-3.45995,-1.77916,0.91416,-2.88384,2.00301,-0.01795,2.19102,0.11538,0.00185,2.91364,-1.0459,-0.0126,4.22623,-0.69474,-0.00529,4.36309,0.66237,0.01359,3.03926,1.19392,0.01832,4.92755,-1.5149,-0.01515,5.29045,1.21721,0.02303,2.75096,2.23559,0.03254","-0.149370
,-0.134403
,0.034097
,-0.257688
,0.257946
,0.187999
,0.358055
,-0.218799
,-0.267587
,0.159400
,0.159303
,0.159258
,-0.316195
,0.221810
,-0.231282
,-0.034725
,-0.177678
,-0.244606
,0.169457
,0.156728
,0.168279
","-0.24915,-0.11010,0.01660,-0.31175,0.27356,0.26108,0.76448,-0.47522,-0.25501,0.19299,0.19521,0.19253,-0.54965,0.19783,-0.37230,0.11392,-0.31742,-0.25686,0.21272,0.23902,0.23753","-120.8335000000,-217.2998000000,0.2937000000,66.5487000000,-0.7672000000,24.3091000000,7.3677000000,128.4451000000,123.9706000000,27.2296000000,27.8391000000,27.2296000000,-195.4913000000,21.5841000000,2.2016000000,20.2704000000,56.1145000000,55.3937000000,23.6433000000,24.7536000000,24.3091000000",-0.28692,-0.03899,3.9027,1472.359,-702.738341
ethyl-isoxazole-4-carboxylate,"O,N,C,C,C,H,C,O,C,H,H,C,H,H,H,O,H","3.15844,-0.02283,0.,2.68952,1.30816,0.,1.38495,1.20712,0.,0.94315,-0.15085,0.,2.11478,-0.8541,0.,0.78178,2.10538,0.,-0.41257,-0.72178,0.,-1.35166,0.2481,0.,-2.72706,-0.20562,0.,-2.88886,-0.83106,-0.88352,-2.88886,-0.83106,0.88352,-3.61201,1.02619,0.,-3.42956,1.63964,-0.88806,-3.42956,1.63964,0.88806,-4.66505,0.72486,0.,-0.6548,-1.91244,0.,2.33022,-1.91297,0.","-0.124912
,-0.099695
,-0.064645
,-0.083860
,0.053000
,0.171739
,0.362082
,-0.272869
,-0.100896
,0.147622
,0.147622
,-0.413036
,0.147270
,0.147270
,0.144000
,-0.350308
,0.189614
","-0.26808,-0.11499,-0.00315,-0.31411,0.21603,0.23591,0.78137,-0.49927,-0.07606,0.18995,0.18995,-0.62078,0.21332,0.21332,0.21777,-0.58995,0.22878","-141.7509000000,-227.9649000000,13.7018000000,52.3933000000,-3.7602000000,22.6267000000,5.6167000000,100.5130000000,119.6940000000,27.7193000000,27.7193000000,171.1397000000,30.4370000000,30.4370000000,30.7133000000,-139.9274000000,22.2351000000",-0.34174,-0.01589,2.7572,1094.12,-513.2281059
ethyl-isoxazole-3-carboxylate,"O,N,C,C,C,H,H,C,O,O,C,H,H,C,H,H,H","2.13559,1.49777,-0.00273,0.80607,1.10624,-0.00489,0.82516,-0.21301,-0.00031,2.15842,-0.72302,0.00494,2.92081,0.39756,0.00321,2.45374,-1.75965,0.00909,3.98488,0.58425,0.00544,-0.37817,-1.11096,-0.00165,-0.20292,-2.31083,-0.00244,-1.62877,-0.62487,-0.00191,-1.98391,0.781,0.00113,-1.55842,1.26227,0.8856,-1.56052,1.26553,-0.88252,-3.50022,0.83979,0.0031,-3.90783,0.34578,0.89047,-3.90988,0.34831,-0.88472,-3.82819,1.88504,0.00495","-0.142726
,-0.115276
,0.063732
,-0.228736
,0.029798
,0.182594
,0.177179
,0.343227
,-0.317883
,-0.208332
,-0.116452
,0.151635
,0.151688
,-0.411396
,0.149397
,0.149434
,0.142119
","-0.25911,-0.10815,0.01280,-0.33224,0.13499,0.26399,0.22019,0.76518,-0.55124,-0.48236,-0.07240,0.19019,0.19041,-0.61836,0.21544,0.21548,0.21518","-137.6451000000,-229.0254000000,1.1450000000,59.5408000000,3.0379000000,24.2801000000,22.8991000000,8.3763000000,-195.2273000000,95.7160000000,112.6241000000,26.9867000000,26.9867000000,168.4702000000,30.3433000000,30.3433000000,30.7111000000",-0.34838,-0.02733,2.7129,1158.062,-513.2129602
ethyl-5-methylisoxazole-4-carboxylate,"O,N,C,C,C,C,H,O,O,C,H,H,C,H,H,H,C,H,H,H","2.80905,-0.44764,-0.16936,2.95933,0.95645,-0.21913,1.74798,1.42329,-0.08478,0.77197,0.3905,0.05588,1.51421,-0.76657,-0.00687,-0.66679,0.63806,0.22093,1.57505,2.49163,-0.08854,-1.15148,1.75297,0.25265,-1.38605,-0.50442,0.33722,-2.81911,-0.34968,0.49683,-3.12917,-1.25882,1.01775,-3.00797,0.51699,1.13417,-3.51517,-0.20936,-0.84822,-4.60056,-0.16934,-0.70099,-3.28776,-1.06162,-1.497,-3.20265,0.71128,-1.34847,1.19796,-2.21977,0.066,1.56252,-2.73336,-0.83067,0.12184,-2.3632,0.15432,1.69493,-2.67477,0.93065","-0.138139
,-0.109052
,-0.064809
,-0.113546
,0.233067
,0.396730
,0.176255
,-0.356515
,-0.303284
,-0.102907
,0.141370
,0.160076
,-0.428405
,0.143511
,0.143066
,0.169794
,-0.458337
,0.168021
,0.174473
,0.168632
","-0.28320,-0.11897,0.01023,-0.32470,0.40535,0.78445,0.23800,-0.59685,-0.50812,-0.07766,0.18682,0.20119,-0.63122,0.21738,0.20954,0.22339,-0.66688,0.23946,0.25192,0.23988","-144.8126000000,-220.5377000000,9.0358000000,56.8654000000,-14.3270000000,4.4250000000,22.5126000000,-137.9020000000,105.9480000000,120.7632000000,28.0975000000,26.8895000000,169.6397000000,30.9035000000,30.7017000000,30.1665000000,171.8267000000,29.4801000000,28.2898000000,29.5344000000",-0.32807,-0.01001,4.1499,1336.728,-552.5455308
ethyl-5-methylisoxazole-3-carboxylate,"O,N,C,C,C,H,C,O,C,H,H,C,H,H,H,O,C,H,H,H","2.52602,0.9322,0.1955,1.23442,1.43243,0.12758,0.46973,0.37601,-0.06791,1.22659,-0.82945,-0.13199,2.51245,-0.41588,0.03972,0.85726,-1.83127,-0.28268,-1.0045,0.55585,-0.19134,-1.59861,-0.64531,-0.37767,-3.04123,-0.63267,-0.51841,-3.26073,-1.5322,-1.09857,-3.32793,0.25079,-1.09379,-3.7306,-0.6577,0.83726,-3.40514,-1.52241,1.42482,-4.8158,-0.72452,0.69874,-3.51233,0.25524,1.39818,-1.58547,1.6156,-0.13829,3.82955,-1.10924,0.08698,4.32665,-0.94193,1.04922,4.49642,-0.7377,-0.69927,3.69323,-2.1844,-0.05187","-0.132679
,-0.098133
,0.105430
,-0.244056
,0.217777
,0.166627
,0.313611
,-0.267968
,-0.109090
,0.141652
,0.159415
,-0.428893
,0.143439
,0.142707
,0.171403
,-0.308106
,-0.467076
,0.169281
,0.169502
,0.155157
","-0.27002,-0.06011,0.01599,-0.34595,0.32524,0.24997,0.76241,-0.49805,-0.07847,0.18771,0.20065,-0.63126,0.21022,0.21716,0.22395,-0.56110,-0.65414,0.23714,0.23722,0.23141","-147.0881000000,-248.8424000000,2.7837000000,66.7480000000,-11.7817000000,25.0537000000,7.5860000000,96.3627000000,120.5633000000,28.0913000000,26.8848000000,170.2190000000,30.7069000000,30.9100000000,30.1252000000,-148.5624000000,172.4413000000,29.4360000000,29.4360000000,29.4360000000",-0.32514,-0.01791,5.029,1206.497,-552.5380903
ethyl-3-methylisoxazole-5-carboxylate,"O,N,C,C,C,H,C,H,H,H,C,O,O,C,H,H,C,H,H,H","-1.24297,-1.37137,-0.11144,-2.57007,-0.96843,-0.19708,-2.57079,0.34306,-0.05533,-1.24687,0.83794,0.12732,-0.47042,-0.28221,0.08203,-0.92194,1.85718,0.26922,-3.86074,1.10238,-0.09964,-4.69475,0.41318,-0.2523,-3.85728,1.83344,-0.91594,-4.0258,1.64975,0.83518,0.98806,-0.50761,0.19833,1.52236,-1.59247,0.13571,1.62156,0.66969,0.38735,3.06549,0.60785,0.51515,3.32742,-0.2873,1.0841,3.31864,1.49668,1.09766,3.7418,0.6172,-0.84713,3.48812,-0.28509,-1.41039,4.82983,0.64721,-0.71873,3.43941,1.49541,-1.42671","-0.125166
,-0.114873
,0.159265
,-0.204071
,0.166923
,0.167527
,-0.487354
,0.169517
,0.158529
,0.158551
,0.300078
,-0.310051
,-0.267683
,-0.104906
,0.160099
,0.143732
,-0.430440
,0.171142
,0.144099
,0.145081
","-0.24393,-0.10586,0.13528,-0.30586,0.19309,0.24816,-0.63583,0.23897,0.22647,0.22649,0.74055,-0.55867,-0.49114,-0.07867,0.20056,0.18927,-0.63174,0.22353,0.21817,0.21117","-134.7387000000,-225.2570000000,-0.8239000000,59.6950000000,-1.3722000000,24.7159000000,172.8531000000,29.1073000000,29.6638000000,29.6638000000,10.7553000000,-148.9970000000,105.0864000000,120.1791000000,26.9117000000,28.0730000000,170.2616000000,30.1690000000,30.8987000000,30.6948000000",-0.33601,-0.03163,4.8847,1285.669,-552.5376932
ethyl-3-methoxyisoxazole-5-carboxylate,"O,N,C,C,C,H,C,O,O,C,H,H,C,H,H,H,O,C,H,H,H","-0.8013,-1.39258,0.08246,-2.14163,-1.00973,0.14479,-2.13353,0.30168,-0.00683,-0.81817,0.82307,-0.17131,-0.04023,-0.2928,-0.10498,-0.51651,1.84814,-0.31357,1.42281,-0.50667,-0.19679,1.9622,-1.58802,-0.12109,2.04945,0.67381,-0.38073,3.4956,0.62346,-0.48998,3.77153,-0.27239,-1.05122,3.74808,1.51141,-1.07401,4.1549,0.6456,0.88025,3.90329,-0.25613,1.44544,3.83775,1.52385,1.45182,5.24403,0.68511,0.7644,-3.24315,1.04837,-0.00473,-4.47669,0.33568,0.17384,-4.62192,-0.39064,-0.63194,-5.25813,1.09561,0.14909,-4.48245,-0.18969,1.13397","-0.132125
,-0.168576
,0.295818
,-0.243364
,0.188379
,0.172505
,0.307763
,-0.309237
,-0.264284
,-0.107205
,0.160112
,0.144528
,-0.430049
,0.170674
,0.146133
,0.144377
,-0.283469
,-0.255363
,0.156151
,0.151145
,0.156087
","-0.24341,-0.19926,0.42883,-0.33113,0.20434,0.25620,0.73950,-0.55719,-0.48946,-0.07879,0.20051,0.18991,-0.63189,0.22335,0.21175,0.21840,-0.45669,-0.25638,0.18902,0.19337,0.18902","-77.8384000000,-165.8329000000,-10.8097000000,69.4720000000,-1.0887000000,25.0388000000,10.8670000000,-149.3938000000,104.3728000000,120.1446000000,26.9369000000,28.0835000000,170.2491000000,30.1883000000,30.6978000000,30.9072000000,234.9005000000,126.8955000000,27.9465000000,27.9465000000,27.9465000000",-0.33066,-0.03241,3.5927,1283.198,-627.7522207
BTMG,"C,N,C,C,H,H,H,C,H,H,H,C,H,H,H,N,N,C,H,H,H,C,H,H,H,C,H,H,H,C,H,H,H","0.53346,0.07883,0.,-0.53718,0.75219,0.,-1.91063,0.20197,0.,-2.17465,-0.63487,1.2666,-1.92959,-0.05808,2.16623,-1.57932,-1.55061,1.25934,-3.23495,-0.90889,1.32233,-2.84006,1.43098,0.,-2.65616,2.05002,0.88479,-3.89362,1.1276,0.,-2.65616,2.05002,-0.88479,-2.17465,-0.63487,-1.2666,-1.57932,-1.55061,-1.25934,-1.92959,-0.05808,-2.16623,-3.23495,-0.90889,-1.32233,0.63928,-1.36361,0.,1.80627,0.7863,0.,1.32355,-1.85149,-1.20473,1.30617,-2.94698,-1.19507,2.3714,-1.51683,-1.26737,0.78804,-1.51198,-2.09696,1.32355,-1.85149,1.20473,0.78804,-1.51198,2.09696,2.3714,-1.51683,1.26737,1.30617,-2.94698,1.19507,1.97624,1.60339,-1.20557,2.98688,2.02761,-1.2059,1.24372,2.42425,-1.26993,1.87221,0.97803,-2.0977,1.97624,1.60339,1.20557,1.87221,0.97803,2.0977,1.24372,2.42425,1.26993,2.98688,2.02761,1.2059","0.071022
,-0.155567
,0.093212
,-0.472824
,0.154567
,0.164157
,0.147527
,-0.388189
,0.144687
,0.131551
,0.144687
,-0.472824
,0.164157
,0.154567
,0.147527
,-0.190674
,-0.221744
,-0.391543
,0.153910
,0.168187
,0.160220
,-0.391543
,0.160220
,0.168187
,0.153910
,-0.337570
,0.140594
,0.156738
,0.141545
,-0.337570
,0.141545
,0.156738
,0.140594
","0.62399,-0.45512,0.09317,-0.61407,0.20765,0.22070,0.20767,-0.58993,0.20956,0.19739,0.20956,-0.61407,0.22070,0.20765,0.20767,-0.51684,-0.51784,-0.41124,0.20056,0.18462,0.20121,-0.41124,0.20121,0.18462,0.20056,-0.39839,0.19514,0.18289,0.19629,-0.39839,0.19629,0.18289,0.19514","-5.9324000000,-145.2534000000,126.0475000000,156.6539000000,30.9967500000,29.9020000000,30.9967500000,148.1988000000,30.4519000000,31.0746000000,30.4519000000,156.6539000000,29.9020000000,30.9967500000,30.9967500000,186.7887000000,207.7719000000,141.9238000000,29.7505000000,29.3629000000,29.7505000000,141.9238000000,29.7505000000,29.3629000000,29.7505000000,135.9797000000,29.6616000000,29.3629000000,29.6616000000,135.9797000000,29.6616000000,29.3629000000,29.6616000000",-0.28779,0.0348,1.1533,1811.459,-519.7636495
benzo[d]isoxazole,"O,N,C,C,C,H,C,H,C,H,C,H,C,H","1.53477,-1.1238,0.,2.41234,-0.017,0.,1.6658,1.05369,0.,0.26582,0.74327,0.,0.26197,-0.65795,0.,2.14884,2.02331,0.,-0.94813,1.44827,0.,-0.96748,2.53411,0.,-2.1244,0.71043,0.,-3.08148,1.22356,0.,-2.10174,-0.70163,0.,-3.04311,-1.24393,0.,-0.90909,-1.41715,0.,-0.88269,-2.50129,0.","-0.162971
,-0.077335
,-0.101488
,0.052876
,0.197456
,0.156989
,-0.196578
,0.152798
,-0.143134
,0.148603
,-0.116990
,0.151560
,-0.222957
,0.161173
","-0.28745,-0.09107,-0.01206,-0.18559,0.28919,0.22470,-0.16718,0.22187,-0.23244,0.21988,-0.18301,0.21969,-0.25110,0.23457","-80.1935000000,-228.1560000000,15.1285000000,43.5867000000,-2.1624000000,22.3720000000,43.1497000000,23.4272500000,40.8053000000,23.6444000000,33.7709000000,23.4272500000,56.9005000000,23.5096000000",-0.30799,-0.02328,3.2229,1006.17,-399.6681901
benzo[c]isoxazole,"O,N,C,C,C,H,C,H,C,H,C,H,C,H","2.34586,0.06175,0.,1.52516,1.19133,0.,0.29013,0.7001,0.,0.27685,-0.74206,0.,1.61457,-1.05902,0.,2.16995,-1.98595,0.,-0.93702,1.43134,0.,-0.92558,2.51614,0.,-2.10156,0.71242,0.,-3.05329,1.23683,0.,-2.11612,-0.72545,0.,-3.07557,-1.23453,0.,-0.95771,-1.45484,0.,-0.97335,-2.54067,0.","-0.110329
,-0.131819
,0.177540
,-0.038193
,0.019632
,0.169213
,-0.234926
,0.159988
,-0.114798
,0.151047
,-0.140114
,0.148817
,-0.207424
,0.151366
","-0.24662,-0.12375,0.09982,-0.20607,0.16732,0.21411,-0.20523,0.23107,-0.19300,0.21827,-0.22442,0.21836,-0.17093,0.22105","-160.3172000000,-213.5374000000,4.0287000000,49.4332000000,7.0071000000,22.0837000000,48.0426000000,23.3661000000,33.0153000000,23.7152000000,40.1686000000,24.0257000000,43.8572000000,23.5300000000",-0.27909,-0.04103,3.2577,998.569,-399.6487953
AdBrettPhos,"H,C,C,C,C,C,C,H,P,C,C,C,C,C,C,H,H,C,H,C,H,H,H,C,H,H,H,C,H,C,H,H,H,C,H,H,H,C,H,C,H,H,H,C,H,H,H,O,O,C,H,H,H,C,H,H,H,C,C,C,C,C,C,H,H,H,H,H,C,C,C,C,C,C,H,H,H,H,H,H,H,H,C,H,H,C,H,H,C,H,H,C,H,H,H,H,C,H,H,C,H,H,C,H,H,C,H","-1.01279,-1.3782,4.51597,-0.4189,-1.23732,3.62098,1.17142,-0.84886,1.33021,-0.96101,-0.64234,2.48523,0.89948,-1.68759,3.61253,1.68264,-1.50778,2.47887,-0.19419,-0.45035,1.3051,1.29426,-2.17428,4.49638,-0.91865,0.12944,-0.34572,2.168,-0.60255,0.21495,4.10151,-0.16459,-1.82002,2.33738,-1.54167,-0.82788,3.03251,0.5241,0.27585,3.96459,0.72055,-0.74887,3.28741,-1.29503,-1.82546,4.61456,1.58968,-0.70075,3.40508,-2.01512,-2.63177,1.57704,-2.86488,-0.86511,0.74628,-2.79096,-0.15749,0.985,-3.18834,-2.24859,0.3949,-2.3525,-2.63607,0.33567,-4.07034,-2.18648,1.76662,-3.41649,-2.98263,2.48092,-4.02223,-0.38982,1.91765,-4.96343,-0.35386,2.88638,-3.81943,0.60526,3.32566,-4.16205,-1.07549,5.11224,0.07688,-2.93308,5.01974,-0.76046,-3.63877,6.56057,0.07684,-2.40864,6.79144,-0.85764,-1.88552,6.73017,0.90219,-1.7069,7.27252,0.19166,-3.23512,4.80717,1.37025,-3.71196,4.89971,2.25291,-3.06787,3.78853,1.35742,-4.11463,5.50532,1.4937,-4.54898,3.05811,1.49471,1.46123,2.10234,1.41043,1.98887,3.24521,2.97061,1.05731,2.57426,3.26884,0.24857,4.27219,3.1714,0.73075,3.05331,3.62059,1.91942,4.17367,1.11427,2.46003,4.14984,1.77901,3.33296,5.15849,1.21602,1.98742,4.07254,0.08262,2.80009,-2.26792,-0.23023,2.4463,2.97965,-1.95642,2.39119,-3.05528,-0.33856,3.61921,-4.03153,0.07711,3.36221,-2.62474,0.2367,4.44941,-3.17976,-1.38409,3.93151,3.51918,-2.66892,3.49151,4.52897,-2.95607,3.19272,2.93504,-3.572,3.71381,3.57394,-2.04431,4.39361,-2.51412,-0.93968,-0.69305,-3.4265,-3.3249,-0.60695,-5.02665,-1.39045,-0.65765,-4.77855,-2.80072,-0.08806,-3.89628,-0.43507,-0.20449,-2.29852,-2.3757,-0.14421,-3.23517,-4.32588,-0.19604,-5.98469,-1.00382,-0.28252,-5.59029,-3.47951,-0.38595,-4.10226,0.56194,-0.60929,-1.33356,-2.7694,-0.48421,-1.40905,1.98342,-0.14958,-2.22965,3.96705,-1.53319,-2.56875,3.96179,0.95884,-3.18636,4.36887,-0.39332,-2.35088,2.43005,0.99651,-2.01494,2.43792,-1.50802,-4.16061,3.87787,-0.52764,-3.31802,1.9253,0.92619,-2.97713,1.94466,-1.68491,-2.66812,4.24668,-2.50096,-3.2511,4.24102,1.77389,-3.36914,5.45245,-0.41658,-1.91734,2.14557,1.96021,-1.3484,2.14243,-2.3294,-0.06517,2.7375,0.03457,0.64042,2.43712,-0.75021,0.38184,2.44961,0.99303,-0.87752,4.68111,-1.3493,-0.1951,4.41443,-2.16825,-1.01417,5.77104,-1.38819,-1.21991,4.68232,1.14312,-0.78094,4.42063,2.11613,-1.36505,5.77199,1.14008,-0.26931,4.2681,0.00428,0.70359,4.75977,0.13728,-3.89796,-0.3498,0.88313,-4.77477,-2.76982,1.01079,-2.26997,-2.36106,0.94997,-2.57477,-1.03747,-2.24984,-1.6149,-1.3979,-2.63654,-2.73037,-0.04326,-2.68586,-5.0622,-1.45682,-2.19621,-5.26471,-0.46003,-2.61271,-5.87668,-2.11466,-2.53123,-3.45733,-3.39321,-2.14578,-2.50554,-3.78896,-2.52618,-4.24645,-4.0821,-2.47916,-3.70799,-1.98143,-2.70932,-3.71545,-2.01685,-3.80738","0.158221
,-0.264027
,-0.067704
,0.245476
,-0.235407
,0.200607
,-0.105762
,0.159058
,0.062315
,0.232763
,0.086525
,0.196554
,0.086086
,-0.260117
,-0.194539
,0.188869
,0.159640
,-0.354511
,0.176794
,-0.481766
,0.174496
,0.158098
,0.152669
,-0.398408
,0.140475
,0.144897
,0.142311
,-0.232266
,0.122154
,-0.417206
,0.149374
,0.137722
,0.140942
,-0.417637
,0.139220
,0.151868
,0.140014
,-0.292192
,0.169264
,-0.476761
,0.170505
,0.147537
,0.160939
,-0.391775
,0.141739
,0.144654
,0.139463
,-0.301487
,-0.295364
,-0.325523
,0.163668
,0.164947
,0.160856
,-0.362329
,0.168896
,0.164701
,0.164981
,0.267697
,0.023418
,0.027583
,-0.377949
,-0.460544
,-0.497886
,0.133653
,0.131973
,0.153073
,0.152622
,0.125026
,0.326413
,0.017566
,0.031494
,-0.383439
,-0.496336
,-0.541048
,0.147617
,0.172170
,0.155917
,0.135494
,0.130644
,0.153797
,0.172706
,0.195483
,-0.699205
,0.221449
,0.198772
,-0.374131
,0.154891
,0.154227
,-0.368148
,0.147195
,0.153143
,0.030988
,0.149145
,0.139359
,0.143694
,0.182376
,-0.522564
,0.180066
,0.186212
,-0.385337
,0.148310
,0.153340
,-0.397149
,0.155912
,0.153712
,0.028145
,0.133938
","0.21955,-0.28997,-0.03073,0.27468,-0.26668,0.26215,-0.33277,0.22044,0.83615,-0.04445,0.00399,0.03680,0.02696,-0.23389,-0.22327,0.20271,0.20160,-0.24474,0.21413,-0.60039,0.21716,0.20527,0.19991,-0.59081,0.20101,0.21763,0.19941,-0.22923,0.19766,-0.59104,0.21096,0.19946,0.20384,-0.59119,0.20010,0.21254,0.20342,-0.24310,0.21292,-0.59743,0.21289,0.19814,0.20822,-0.59083,0.20055,0.19954,0.21831,-0.49475,-0.48495,-0.25304,0.19805,0.17550,0.17305,-0.25479,0.20054,0.17303,0.17074,-0.23954,-0.21312,-0.21607,-0.39560,-0.42741,-0.42283,0.20538,0.20803,0.20211,0.19808,0.20809,-0.25450,-0.21591,-0.21717,-0.39727,-0.42053,-0.42214,0.20131,0.20821,0.20127,0.21040,0.20814,0.20266,0.21067,0.21316,-0.43200,0.22059,0.20995,-0.39698,0.20478,0.20216,-0.39680,0.20260,0.20162,-0.21565,0.20809,0.22025,0.20002,0.21042,-0.42060,0.21234,0.20498,-0.39714,0.20176,0.20196,-0.39691,0.20465,0.20192,-0.21929,0.21086","24.5310000000,62.1142000000,15.3377000000,7.5940000000,56.6139000000,12.2873500000,32.4060000000,24.4449000000,237.7914000000,27.2213000000,11.3280000000,12.2873500000,11.7538000000,44.3487000000,41.4803000000,24.0183000000,24.0183000000,148.0246000000,29.2942000000,159.8271000000,30.1766166667,30.8217000000,30.3219000000,157.4791000000,31.0601000000,30.6229230769,31.1419500000,143.8214000000,29.1771000000,157.5449000000,30.6229230769,30.6229230769,30.6229230769,158.5460000000,30.6229230769,30.6229230769,30.6229230769,147.4656000000,29.6872500000,159.3373000000,30.8217000000,30.6229230769,30.9826000000,156.8621000000,31.1419500000,31.3960000000,30.6229230769,217.6981000000,227.8065000000,130.7741000000,27.7432000000,28.3057500000,28.2274000000,131.0069000000,28.3057500000,28.5119000000,28.5119000000,135.3224000000,152.9970000000,153.4602000000,147.2305000000,139.5154000000,142.9676000000,30.3219000000,30.0672000000,30.1766166667,29.4336000000,30.6229230769,134.1086000000,153.3070000000,155.0222000000,146.0258000000,138.8442000000,139.3775000000,30.1766166667,29.2942000000,29.6872500000,30.0672000000,30.1766166667,30.1766166667,29.8621333333,30.3219000000,137.5069000000,30.6229230769,30.6229230769,145.4499000000,30.3219000000,30.1766166667,145.8507000000,30.3219000000,30.1766166667,155.0222000000,30.1766166667,28.9864000000,30.1766166667,30.6229230769,133.9979000000,29.8621333333,29.8621333333,146.6558000000,30.1766166667,30.1766166667,146.6558000000,30.1766166667,30.3219000000,152.4079000000,30.0672000000",-0.24329,-0.00037,3.563,5377.205,-2166.995418
5-phenylisoxazole,"O,N,C,C,C,H,H,C,C,C,C,C,C,H,H,H,H,H","1.70415,-1.04582,0.,3.08043,-0.79865,0.,3.18714,0.51055,0.,1.92728,1.16016,0.,1.02585,0.12673,0.,1.72937,2.22093,0.,4.17554,0.95333,0.,-0.43438,0.06038,0.,-3.23886,-0.05555,0.,-1.09568,-1.17953,0.,-1.19754,1.24026,0.,-2.58818,1.18083,0.,-2.48756,-1.23253,0.,-0.51268,-2.09421,0.,-0.70041,2.20598,0.,-3.16539,2.1013,0.,-2.98679,-2.19752,0.,-4.32439,-0.10048,0.","-0.158748
,-0.129205
,-0.078078
,-0.248044
,0.243975
,0.155425
,0.156218
,0.105961
,-0.144383
,-0.192138
,-0.201003
,-0.149119
,-0.131972
,0.174607
,0.147519
,0.148414
,0.151064
,0.149507
","-0.28416,-0.11867,-0.03344,-0.36357,0.31452,0.23729,0.22169,-0.10756,-0.20009,-0.17630,-0.17646,-0.20830,-0.20527,0.23281,0.21387,0.21777,0.21867,0.21718","-122.4387000000,-218.8425000000,11.5025000000,73.4494000000,-9.7470000000,24.7974000000,22.8906000000,35.7564000000,33.1046000000,36.8146000000,37.6429000000,33.5208000000,34.4142000000,22.7390000000,23.2917000000,23.4331000000,23.5145500000,23.5145500000",-0.28894,-0.02867,3.2851,1273.66,-477.0776932
"5-phenyl-1,2,4-oxadiazole","O,N,C,N,C,H,C,C,C,C,C,C,H,H,H,H,H","1.74086,-1.06293,0.,3.10449,-0.71296,0.,3.06046,0.59438,0.,1.80956,1.15018,0.,1.04115,0.08918,0.,3.97053,1.18007,0.,-0.41793,0.0333,0.,-3.21038,-0.0228,0.,-1.09566,-1.19595,0.,-1.14526,1.23421,0.,-2.53657,1.20176,0.,-2.48818,-1.21861,0.,-0.53058,-2.12225,0.,-0.60676,2.17611,0.,-3.09701,2.13228,0.,-3.01047,-2.17103,0.,-4.2967,-0.04497,0.","-0.151529
,-0.132856
,0.023007
,-0.322572
,0.337921
,0.162085
,0.040679
,-0.132108
,-0.181843
,-0.181791
,-0.133106
,-0.137773
,0.173364
,0.178078
,0.152754
,0.153212
,0.152478
","-0.29120,-0.14123,0.14242,-0.49918,0.51716,0.21298,-0.13544,-0.18723,-0.16728,-0.15904,-0.21074,-0.21038,0.23210,0.23807,0.22033,0.22040,0.21826","-124.3811000000,-192.2090000000,4.0196000000,-32.5147000000,-14.5982000000,22.8382000000,38.4552000000,28.9898000000,35.1849000000,32.8399000000,34.5370000000,34.6100000000,22.6891000000,22.4618000000,23.5019500000,23.5019500000,23.3463000000",-0.31057,-0.03864,2.5872,1191.322,-493.1393637
5-methylisoxazole,"O,N,C,C,C,H,H,C,H,H,H","-0.0635,-1.05358,0.,-1.4406,-0.78871,0.,-1.53052,0.52011,0.,-0.25788,1.15402,0.,0.62182,0.11095,0.,-0.03455,2.21032,0.,-2.51353,0.97509,0.,2.10897,0.01496,0.,2.46698,-0.52499,-0.884,2.46698,-0.52499,0.884,2.55194,1.01392,0.","-0.146238
,-0.126437
,-0.057496
,-0.240757
,0.232060
,0.151708
,0.154704
,-0.450937
,0.166037
,0.166037
,0.151320
","-0.28694,-0.12772,-0.03335,-0.38540,0.32943,0.23754,0.22027,-0.65304,0.23527,0.23527,0.22867","-141.0795000000,-223.7565000000,11.7521000000,69.1204000000,-9.9234000000,25.4700000000,23.0211000000,171.5736000000,29.4201333333,29.4201333333,29.4201333333",-0.31522,0.01966,3.3241,748.76,-285.346752
5-methyl-3-(1H-pyrrol-1-yl)isoxazole,"O,N,C,C,C,H,N,C,C,C,C,H,H,H,H,C,H,H,H","2.15383,1.10588,0.,0.77245,1.34064,0.,0.22817,0.14101,0.,1.20575,-0.89848,0.,2.38852,-0.22335,0.,1.05587,-1.96669,0.,-1.15728,-0.00137,0.,-1.85117,-1.20462,0.,-3.19215,-0.92153,0.,-3.33086,0.50242,0.,-2.07143,1.04347,0.,-1.32594,-2.14733,0.,-3.99004,-1.65163,0.,-4.25604,1.06252,0.,-1.72221,2.06402,0.,3.81433,-0.65433,0.,4.33728,-0.27271,0.88416,4.33728,-0.27271,-0.88416,3.87996,-1.74499,0.","-0.149725
,-0.194105
,0.286277
,-0.271660
,0.206295
,0.163657
,-0.049132
,-0.117152
,-0.213731
,-0.195864
,-0.128428
,0.160974
,0.143309
,0.144361
,0.185551
,-0.463199
,0.169527
,0.169527
,0.153519
","-0.27770,-0.16997,0.32661,-0.39121,0.34913,0.24035,-0.34970,-0.05856,-0.28932,-0.28830,-0.04648,0.21369,0.22653,0.22697,0.23660,-0.65453,0.23784,0.23784,0.23021","-90.5086000000,-171.5760000000,2.3666000000,77.7562000000,-11.8974000000,25.3738000000,57.8119000000,50.9035000000,56.9493000000,56.6845000000,49.1954000000,24.4481000000,24.8755000000,24.9930000000,23.5935000000,170.6119000000,29.4419333333,29.4419333333,29.4419333333",-0.27733,0.00588,3.5325,1233.298,-494.3165679
"5-(2,6-difluorophenyl)isoxazole","O,N,C,C,C,H,H,C,C,C,C,C,C,H,H,H,F,F","1.84114,-1.04068,0.0913,3.20561,-0.75734,0.07071,3.283,0.54889,-0.04037,2.00957,1.16635,-0.09466,1.13328,0.11223,-0.00858,1.78229,2.21414,-0.18565,4.25998,1.01445,-0.0782,-0.32561,0.0269,-0.00407,-3.16537,-0.06533,0.00664,-1.04153,-1.18673,-0.02146,-1.12525,1.1849,0.0163,-2.51086,1.16614,0.0224,-2.4294,-1.24799,-0.01576,-3.04875,2.10727,0.04027,-2.9049,-2.22229,-0.0306,-4.25012,-0.10214,0.01119,-0.37011,-2.34671,-0.04883,-0.51587,2.38928,0.03272","-0.136474
,-0.119806
,-0.077371
,-0.247979
,0.243060
,0.171618
,0.158232
,-0.101816
,-0.093890
,0.266610
,0.295842
,-0.234325
,-0.236380
,0.164880
,0.165336
,0.161033
,-0.172607
,-0.205963
","-0.26548,-0.10895,-0.03960,-0.34405,0.29300,0.25239,0.22321,-0.22838,-0.16598,0.44191,0.43657,-0.29623,-0.29278,0.23884,0.23923,0.22593,-0.29475,-0.31488","-134.6761000000,-224.1764000000,12.2124000000,64.7540000000,-1.1703000000,24.4510000000,22.8225000000,59.7615000000,31.7067000000,1.2925000000,1.6831000000,55.8542000000,53.0099000000,24.2961000000,24.1925000000,23.6855000000,276.6616000000,280.7969000000",-0.29813,-0.03782,4.0633,1284.037,-675.576872
4-phenylisoxazole,"O,N,C,C,C,H,H,C,C,C,C,C,C,H,H,H,H,H","3.14721,-0.63255,-0.18618,3.1672,0.70929,0.2097,1.90725,1.05361,0.30769,1.00629,-0.01552,-0.00352,1.8698,-1.03293,-0.30338,1.66728,2.06267,0.61922,1.72697,-2.05501,-0.62402,-0.46305,-0.00849,0.00105,-3.27936,0.01027,-0.00286,-1.19105,-1.19501,0.19347,-1.17414,1.18786,-0.18841,-2.568,1.19697,-0.18718,-2.58405,-1.18614,0.18569,-0.66041,-2.12698,0.36974,-0.63209,2.11468,-0.35567,-3.09864,2.1333,-0.33735,-3.12774,-2.11468,0.33774,-4.36574,0.01755,-0.00341","-0.136019
,-0.107141
,-0.093885
,-0.047197
,-0.010006
,0.161698
,0.171551
,0.196423
,-0.151010
,-0.217077
,-0.214133
,-0.151683
,-0.149931
,0.150871
,0.154355
,0.148235
,0.147794
,0.147157
","-0.27149,-0.11359,-0.02405,-0.19780,0.15573,0.22277,0.21345,-0.05214,-0.21259,-0.19402,-0.19651,-0.20195,-0.20232,0.21143,0.21247,0.21694,0.21681,0.21685","-135.3777000000,-227.2033000000,14.1014000000,45.7372000000,8.6550000000,22.5998000000,22.5998000000,32.5475000000,34.8030000000,37.0386000000,37.8054000000,33.9410000000,34.0457000000,23.4373000000,23.5002000000,23.5908333333,23.5908333333,23.5908333333",-0.29024,-0.01166,3.3158,1278.542,-477.0725618
3-phenylisoxazole,"O,N,C,C,C,H,H,C,C,C,C,C,C,H,H,H,H,H","3.04944,0.75845,0.,1.70143,1.11144,0.,1.02538,-0.02383,0.,1.91393,-1.14837,0.,3.147,-0.58355,0.,4.1512,-0.98316,0.,1.67167,-2.19965,0.,-0.44896,-0.01591,0.,-3.2581,0.00743,0.,-1.17316,-1.21684,0.,-1.15262,1.2005,0.,-2.54435,1.20912,0.,-2.56759,-1.20487,0.,-0.6493,-2.16827,0.,-0.59538,2.13136,0.,-3.07499,2.1574,0.,-3.11318,-2.14458,0.,-4.34466,0.01706,0.","-0.142312
,-0.143513
,0.197786
,-0.283627
,0.010260
,0.169696
,0.151218
,0.104934
,-0.147203
,-0.197033
,-0.197102
,-0.131289
,-0.152942
,0.142254
,0.177203
,0.148735
,0.145754
,0.147181
","-0.26862,-0.12575,0.12851,-0.36536,0.14552,0.21380,0.23879,-0.08133,-0.20296,-0.18704,-0.17378,-0.20615,-0.20960,0.21000,0.23505,0.21708,0.21600,0.21583","-121.6416000000,-211.8002000000,-0.9452000000,69.8056000000,3.7576000000,22.9143000000,24.6078000000,32.7147000000,32.1134000000,37.8029000000,36.5611000000,34.0553000000,35.9040000000,23.3713000000,22.3211000000,23.5596500000,23.6744000000,23.5596500000",-0.29787,-0.01727,2.7881,1221.636,-477.075516
3-methylisoxazole,"O,N,C,C,C,H,C,H,H,H,H","1.38495,0.76202,0.,0.02911,1.11332,0.,-0.63412,-0.0238,0.,0.2518,-1.14478,0.,1.48637,-0.57767,0.,-0.00388,-2.19395,0.,-2.13648,-0.02756,0.,-2.52859,0.48671,0.88341,-2.51954,-1.05145,0.,-2.52859,0.48671,-0.88341,2.49182,-0.9746,0.","-0.136745
,-0.136075
,0.159253
,-0.252704
,0.026807
,0.150768
,-0.448027
,0.164157
,0.141421
,0.164157
,0.166989
","-0.27483,-0.13521,0.14307,-0.37831,0.14485,0.23790,-0.63655,0.23437,0.21820,0.23437,0.21213","-135.1398000000,-218.7156000000,0.6576000000,64.6654000000,4.2698000000,25.2801000000,173.2772000000,29.3216000000,29.7966000000,29.3216000000,23.0129000000",-0.32466,0.01616,3.0391,721.652,-285.3436834
3-methyl-5-phenylisoxazole,"O,N,C,C,C,H,C,C,C,C,C,C,H,H,H,H,H,C,H,H,H","-1.14173,-1.27163,0.,-2.53534,-1.14562,0.,-2.77205,0.15039,0.,-1.56374,0.90075,0.,-0.57206,-0.0442,0.,-1.46244,1.97563,0.,0.88816,0.02181,0.,3.69244,0.15747,0.,1.65834,-1.15355,0.,1.54295,1.26522,0.,2.9334,1.33044,0.,3.04938,-1.08201,0.,3.42586,2.29898,0.,3.63296,-1.9985,0.,4.77765,0.21018,0.,1.15904,-2.11649,0.,0.96131,2.18254,0.,-4.18376,0.66346,0.,-4.1974,1.75663,0.,-4.72707,0.31236,0.88333,-4.72707,0.31236,-0.88333","-0.165030
,-0.147000
,0.132860
,-0.261678
,0.235358
,0.161290
,0.089187
,-0.144169
,-0.191853
,-0.199558
,-0.148877
,-0.133915
,0.147801
,0.150365
,0.148641
,0.174752
,0.148194
,-0.468894
,0.143283
,0.164621
,0.164621
","-0.28371,-0.13312,0.14915,-0.35730,0.31882,0.23354,-0.10585,-0.20142,-0.17679,-0.17718,-0.20876,-0.20565,0.21721,0.21814,0.21671,0.23278,0.21368,-0.63599,0.21778,0.23399,0.23399","-116.7212000000,-212.2786000000,-1.1203000000,70.5346000000,-9.5357000000,25.0236000000,34.5812000000,32.2795000000,37.9123000000,38.2899000000,35.6409000000,34.1930000000,23.7017000000,23.5915500000,23.5915500000,22.7621000000,23.2602000000,174.0984000000,29.7928000000,29.3800000000,29.3800000000",-0.28496,-0.02611,3.0797,1388.68,-516.3909598
3-iodopyridine,"C,C,C,C,C,N,H,H,H,H,I","0.57072,-0.01597,0.,3.28704,0.09232,0.,1.27551,1.19209,0.,1.27647,-1.21832,0.,2.67008,-1.15864,0.,2.6109,1.24725,0.,0.75893,-2.17185,0.,3.26353,-2.06825,0.,4.37228,0.17404,0.,0.74843,2.14302,0.,-1.54525,-0.00295,0.","0.055436
,-0.046460
,-0.088179
,-0.148588
,-0.139039
,-0.211548
,0.177371
,0.147743
,0.150616
,0.167463
,-0.064813
","-0.18826,0.02714,0.00483,-0.20577,-0.24473,-0.39593,0.23192,0.22586,0.19955,0.20307,0.14231","29.6797000000,12.3937000000,4.4492000000,17.9470000000,40.8237000000,-160.0446000000,23.3357000000,24.0351000000,22.4114000000,22.2703000000,436.2709000000",-0.3032,-0.01434,2.0072,1077.126,-545.296176
3-chloropyridine,"C,C,C,C,C,N,H,H,H,H,Cl","0.49095,-0.01738,0.,-2.21972,0.09392,0.,-0.20893,1.19175,0.,-0.21046,-1.22017,0.,-1.60312,-1.15791,0.,-1.54336,1.24917,0.,0.31734,-2.16827,0.,-2.19816,-2.06625,0.,-3.30481,0.17533,0.,0.32954,2.13668,0.,2.24514,-0.00958,0.","0.064975
,-0.051754
,-0.068244
,-0.132473
,-0.141896
,-0.216654
,0.167845
,0.147728
,0.150426
,0.161388
,-0.081342
","-0.08401,0.02395,0.01605,-0.19319,-0.24348,-0.39620,0.23354,0.22572,0.19951,0.20825,0.00987","23.7695000000,13.2801000000,11.3138000000,26.9714000000,41.3541000000,-159.3939000000,23.5073000000,23.9701000000,22.4007000000,22.3198000000,702.1992000000",-0.31778,-0.0139,2.0883,877.131,-707.8675299
3-bromopyridine,"C,C,C,C,C,N,H,H,H,H,Br","0.11562,-0.01534,0.,2.82525,0.09192,0.,0.81521,1.19346,0.,0.81434,-1.21942,0.,2.20762,-1.15925,0.,2.1504,1.24791,0.,0.28929,-2.16878,0.,2.80118,-2.06863,0.,3.91046,0.1724,0.,0.28218,2.14109,0.,-1.80012,-0.00456,0.","0.046197
,-0.049617
,-0.062774
,-0.126290
,-0.140643
,-0.214431
,0.173418
,0.148066
,0.150793
,0.165318
,-0.090037
","-0.13143,0.02555,0.01110,-0.19805,-0.24336,-0.39530,0.23400,0.22606,0.19981,0.20856,0.06306","25.2674000000,12.9955000000,8.5396000000,22.9441000000,39.3882000000,-159.5082000000,23.4821000000,23.8165000000,22.4113000000,22.3001000000,2096.0499000000",-0.31371,-0.01494,2.0878,893.696,-2821.861099
"3,5-dimethylisoxazole","O,N,C,C,C,H,C,H,H,H,C,H,H,H","0.68502,-1.12383,0.,-0.71782,-1.17584,0.,-1.11554,0.07829,0.,-0.00741,0.97694,0.,1.08704,0.16452,0.,-0.03081,2.05695,0.,-2.58068,0.41114,0.,-3.07671,-0.0044,-0.88327,-2.73021,1.49419,0.,-3.07671,-0.0044,0.88327,2.5567,0.41186,0.,3.02954,-0.03155,-0.88385,3.02954,-0.03155,0.88385,2.75931,1.48577,0.","-0.153864
,-0.143414
,0.148437
,-0.255645
,0.224129
,0.152345
,-0.460667
,0.163301
,0.141657
,0.163301
,-0.462247
,0.165612
,0.165612
,0.151443
","-0.28665,-0.14282,0.15018,-0.38039,0.33475,0.23374,-0.63620,0.23319,0.21711,0.23319,-0.65274,0.23443,0.23443,0.22777","-135.8305000000,-215.7983000000,-0.0643000000,66.2193000000,-9.6524000000,25.6248000000,173.4532000000,29.4282000000,29.9062000000,29.4282000000,171.8237000000,29.5028000000,29.5028000000,29.5028000000",-0.30929,0.02231,3.1908,873.838,-324.6597518
2-iodopyridine,"C,C,N,C,C,C,H,H,H,H,I","0.59657,-0.01406,0.,3.3102,-0.05886,0.,1.18768,-1.19316,0.,1.26785,1.2134,0.,2.66043,1.17705,0.,2.53006,-1.21265,0.,0.72315,2.15016,0.,3.22802,2.10372,0.,2.98843,-2.19929,0.,4.39349,-0.12755,0.,-1.5441,-0.00385,0.","0.158448
,-0.147480
,-0.221203
,-0.198670
,-0.089209
,-0.045304
,0.170975
,0.157858
,0.152268
,0.150587
,-0.088270
","0.11711,-0.26092,-0.44507,-0.28193,-0.16185,0.04101,0.23599,0.22374,0.20226,0.22571,0.10395","-3.3045000000,42.3482000000,-162.8876000000,29.6480000000,25.4721000000,10.7137000000,23.6373000000,23.7423000000,22.6279000000,23.9711000000,429.4534000000",-0.30069,-0.0145,3.3406,993.925,-545.2975181
2-chloropyridine,"C,C,N,C,C,C,H,H,H,H,Cl","0.46967,0.01607,0.,-2.24048,0.05548,0.,-0.11975,1.19695,0.,-0.197,-1.2127,0.,-1.58859,-1.17975,0.,-1.46149,1.21005,0.,0.35674,-2.14434,0.,-2.15455,-2.10716,0.,-1.92294,2.19527,0.,-3.32368,0.12288,0.,2.23471,0.01293,0.","0.152688
,-0.153488
,-0.204028
,-0.197663
,-0.090836
,-0.043476
,0.161260
,0.157274
,0.152329
,0.150227
,-0.084288
","0.19223,-0.26490,-0.42252,-0.26769,-0.16055,0.04265,0.23647,0.22330,0.20178,0.22565,-0.00641","1.8599000000,42.9291000000,-138.3790000000,39.9879000000,24.3389000000,11.7182000000,23.8730000000,23.5376000000,22.5786000000,23.9260000000,588.0495000000",-0.31847,-0.01334,3.4746,907.272,-707.8712439
2-bromopyridine,"C,C,N,C,C,C,H,H,H,H,Br","0.13797,-0.01369,0.,2.84611,-0.05886,0.,0.72334,-1.19365,0.,0.80454,1.21482,0.,2.19667,1.17772,0.,2.06576,-1.21238,0.,0.25546,2.14883,0.,2.76467,2.10397,0.,2.5241,-2.19892,0.,3.92923,-0.12793,0.,-1.79552,-0.00617,0.","0.154781
,-0.152272
,-0.204674
,-0.194145
,-0.089213
,-0.041085
,0.167310
,0.157962
,0.152843
,0.150953
,-0.102460
","0.15802,-0.26271,-0.43078,-0.27249,-0.16025,0.04243,0.23756,0.22390,0.20255,0.22599,0.03578","-0.6552000000,42.4249000000,-147.4016000000,35.7315000000,24.1057000000,11.3806000000,23.7601000000,23.6200000000,22.6692000000,23.9532000000,1877.0931000000",-0.31355,-0.01475,3.534,835.15,-2821.863759
1-iodo-4-methoxybenzene,"C,C,C,C,C,C,H,H,H,H,O,C,H,H,H,I","0.20198,0.07366,0.,-2.58505,0.27345,0.,-0.57656,-1.0803,0.,-0.40512,1.3343,0.,-1.79136,1.4303,0.,-1.97192,-0.98461,0.,-0.11136,-2.06024,0.,0.19647,2.23682,0.,-2.28265,2.39826,0.,-2.5598,-1.89528,0.,-3.93226,0.48126,0.,-4.78768,-0.65152,0.,-4.63813,-1.26956,0.89507,-4.63813,-1.26956,-0.89507,-5.80527,-0.2572,0.,2.31681,-0.07745,0.","0.049921
,0.276544
,-0.192041
,-0.169049
,-0.185846
,-0.228108
,0.171311
,0.171704
,0.158344
,0.164319
,-0.279801
,-0.300443
,0.152175
,0.152175
,0.157152
,-0.098358
","-0.16560,0.29435,-0.22194,-0.22378,-0.24065,-0.29596,0.22501,0.22938,0.23102,0.22361,-0.46505,-0.25493,0.17319,0.17319,0.19894,0.11921","42.1513000000,1.8794000000,25.0259000000,24.5541000000,44.8860000000,57.1495000000,23.7069500000,23.7069500000,24.2106000000,24.5905000000,227.6106000000,130.0352000000,28.3710000000,28.3710000000,27.8227000000,435.4682000000",-0.274,0.00275,2.6913,1337.926,-643.78183
1-iodo-4-(trifluoromethyl)benzene,"C,C,C,C,C,C,H,H,H,H,C,F,F,F,I","-0.77963,-0.01188,0.,2.00129,-0.03967,0.,-0.09101,-0.01977,-1.21493,-0.09101,-0.01977,1.21493,1.3031,-0.03319,1.20951,1.3031,-0.03319,-1.20951,-0.62963,-0.01861,-2.15597,-0.62963,-0.01861,2.15597,1.84554,-0.04666,2.14916,1.84554,-0.04666,-2.14916,3.50565,0.00453,0.,4.0254,-0.60092,-1.0904,3.96663,1.27703,0.,4.0254,-0.60092,1.0904,-2.89618,0.00701,0.","0.064264
,-0.017758
,-0.175225
,-0.175225
,-0.154758
,-0.154758
,0.178672
,0.178672
,0.175637
,0.175637
,0.504864
,-0.181314
,-0.175271
,-0.181314
,-0.062124
","-0.12596,-0.15521,-0.23971,-0.23971,-0.16915,-0.16915,0.23436,0.23436,0.23687,0.23687,0.97683,-0.32301,-0.32227,-0.32301,0.14787","20.5665000000,30.1332000000,25.8832000000,25.8832000000,36.6492000000,36.6492000000,23.4533000000,23.4533000000,23.5396000000,23.5396000000,49.7544000000,250.9006000000,224.2199000000,250.9006000000,433.4331000000",-0.30895,-0.02243,1.5351,1282.658,-866.3477946
1-ethyl-4-iodobenzene,"C,C,C,C,C,C,H,H,H,H,C,C,H,H,H,H,H,I","-0.219,-0.10131,0.,2.57821,-0.35446,0.,0.46917,-0.16431,-1.21207,0.46917,-0.16431,1.21207,1.85906,-0.29032,1.20023,1.85906,-0.29032,-1.20023,-0.0656,-0.12079,-2.15484,-0.0656,-0.12079,2.15484,2.39094,-0.34401,2.14782,2.39094,-0.34401,-2.14782,4.08916,-0.45114,0.,4.77671,0.92626,0.,4.49267,1.50764,0.88435,4.49267,1.50764,-0.88435,5.86728,0.8176,0.,4.41946,-1.01877,0.87901,4.41946,-1.01877,-0.87901,-2.33267,0.08441,0.","0.062908
,0.110672
,-0.184402
,-0.184402
,-0.158026
,-0.158026
,0.169890
,0.169890
,0.153969
,0.153969
,-0.366553
,-0.396227
,0.142287
,0.142287
,0.141584
,0.148045
,0.148045
,-0.095910
","-0.14162,-0.01799,-0.23854,-0.23854,-0.20080,-0.20080,0.22799,0.22799,0.21477,0.21477,-0.41519,-0.58942,0.20502,0.20502,0.20810,0.20982,0.20982,0.11961","31.4602000000,14.7404000000,26.0823000000,26.0823000000,33.2562000000,33.2562000000,23.6843000000,23.6843000000,23.9865000000,23.9865000000,151.4875000000,164.8527000000,30.8290000000,30.8290000000,30.5033000000,29.2184000000,29.2184000000,435.3093000000",-0.28483,0.00149,2.2488,1513.402,-607.8735519
1-chloro-4-methoxybenzene,"C,C,C,C,C,C,H,H,H,H,O,C,H,H,H,Cl","1.40784,-0.01986,0.,-1.36511,0.27806,0.,0.59341,-1.14647,0.,0.85039,1.26138,0.,-0.53103,1.40645,0.,-0.79712,-1.00118,0.,1.03529,-2.13735,0.,1.49394,2.13474,0.,-0.98829,2.39075,0.,-1.41724,-1.88997,0.,-2.70493,0.53404,0.,-3.5995,-0.56746,0.,-3.47223,-1.19077,0.89503,-3.47223,-1.19077,-0.89503,-4.6027,-0.13773,0.,3.15939,-0.20686,0.","0.054524
,0.284265
,-0.172745
,-0.146376
,-0.198899
,-0.238678
,0.159368
,0.159509
,0.158239
,0.164094
,-0.280893
,-0.300809
,0.151833
,0.151833
,0.156892
,-0.102157
","-0.06419,0.29013,-0.20893,-0.21045,-0.23905,-0.29487,0.22970,0.23082,0.23057,0.22300,-0.46568,-0.25482,0.17272,0.17272,0.19876,-0.01043","31.1595000000,3.8539000000,34.4871000000,32.5746000000,46.1175000000,56.8171000000,23.9026000000,23.8136000000,24.2790000000,24.5213000000,228.4993000000,130.0406000000,28.3186000000,28.3186000000,27.8623000000,696.1876000000",-0.27883,0.00628,2.7518,1124.728,-806.3532075
1-chloro-4-ethylbenzene,"C,C,C,C,C,C,H,H,H,H,C,C,H,H,H,H,H,Cl","-1.43398,-0.00484,0.,1.34816,-0.35098,0.,-0.75246,-0.09027,-1.21252,-0.75246,-0.09027,1.21252,0.63165,-0.26262,1.20072,0.63165,-0.26262,-1.20072,-1.29679,-0.02773,-2.14898,-1.29679,-0.02773,2.14898,1.1621,-0.33407,2.14771,1.1621,-0.33407,-2.14771,2.85506,-0.49924,0.,3.59055,0.85313,0.,3.32702,1.44418,0.88432,3.32702,1.44418,-0.88432,4.67672,0.70663,0.,3.16567,-1.07817,0.87884,3.16567,-1.07817,-0.87884,-3.18246,0.20771,0.","0.069780
,0.117890
,-0.165102
,-0.165102
,-0.169005
,-0.169005
,0.157433
,0.157433
,0.153669
,0.153669
,-0.367187
,-0.395458
,0.141859
,0.141859
,0.141238
,0.147741
,0.147741
,-0.099453
","-0.04046,-0.02202,-0.22496,-0.22496,-0.19930,-0.19930,0.22942,0.22942,0.21437,0.21437,-0.41482,-0.58964,0.20482,0.20482,0.20784,0.20945,0.20945,-0.00851","23.2151000000,16.0487000000,34.8598000000,34.8598000000,33.5999000000,33.5999000000,23.8377000000,23.8377000000,23.9111000000,23.9111000000,151.6183000000,164.9183000000,30.8148000000,30.8148000000,30.5109000000,29.2056000000,29.2056000000,683.0362000000",-0.29369,0.00843,2.3326,1247.937,-770.4452989
1-chloro-4-(trifluoromethyl)benzene,"C,C,C,C,C,C,H,H,H,H,Cl,C,F,F,F","-2.00203,-0.00329,0.,0.77307,-0.0383,0.,-1.31818,-0.01292,-1.21578,-1.31818,-0.01292,1.21578,0.07488,-0.0299,1.21008,0.07488,-0.0299,-1.21008,-1.86844,-0.0104,-2.15024,-1.86844,-0.0104,2.15024,0.61799,-0.04475,2.14911,0.61799,-0.04475,-2.14911,-3.75705,0.0166,0.,2.2772,0.00223,0.,2.79554,-0.60456,-1.09048,2.74236,1.27336,0.,2.79554,-0.60456,1.09048","0.075948
,-0.008121
,-0.157819
,-0.157819
,-0.165351
,-0.165351
,0.167296
,0.167296
,0.176025
,0.176025
,-0.074198
,0.505097
,-0.181672
,-0.175685
,-0.181672
","-0.02101,-0.15869,-0.22643,-0.22643,-0.16747,-0.16747,0.23637,0.23637,0.23676,0.23676,0.01304,0.97707,-0.32319,-0.32250,-0.32319","15.4882000000,32.4080000000,34.3333000000,34.3333000000,35.9623000000,35.9623000000,23.6235000000,23.6235000000,23.4271000000,23.4271000000,662.7274000000,50.1904000000,249.7830000000,222.1380000000,249.7830000000",-0.32538,-0.02015,1.2801,1218.016,-1028.919825
1-bromo-4-methoxybenzene,"C,C,C,C,C,C,H,H,H,H,O,C,H,H,H,Br","0.08935,0.,-2.29709,0.36857,0.,0.47629,-1.04351,0.,-1.49185,1.36736,0.,-1.73289,1.50267,0.,-0.3501,-0.90703,0.,-0.10005,-2.03304,0.,-1.93613,2.24743,0.,-2.36679,2.48398,0.,0.11367,-1.80003,0.,0.51407,0.61538,0.,1.81721,-0.49197,0.,2.70501,-1.11421,-0.89508,2.57366,-1.11421,0.89508,2.57366,-0.06835,0.,3.71077,-0.10238,0.,-4.20944","0.013923
,0.281910
,-0.155652
,-0.126883
,-0.197816
,-0.235386
,0.166609
,0.166965
,0.158914
,0.164920
,-0.279770
,-0.300821
,0.152128
,0.152128
,0.157218
,-0.118387
","-0.10965,0.29212,-0.21419,-0.21602,-0.23908,-0.29510,0.23022,0.23133,0.23101,0.22347,-0.46524,-0.25504,0.17305,0.17305,0.19898,0.04111","34.5318000000,3.7153000000,30.8305000000,29.4855000000,45.9372000000,56.9852000000,23.8471000000,23.7888000000,24.2891000000,24.5311000000,227.2846000000,129.7608000000,28.3242000000,28.3242000000,27.8739000000,2079.8814000000",-0.27807,0.00521,2.8452,1171.122,-2920.346883
1-bromo-4-ethylbenzene,"C,C,C,C,C,C,H,H,H,H,C,C,H,H,H,H,H,Br","-0.74812,-0.06898,0.,2.03911,-0.35457,0.,-0.0669,-0.13934,-1.21319,-0.0669,-0.13934,1.21319,1.32116,-0.28174,1.20082,1.32116,-0.28174,-1.20082,-0.60833,-0.08885,-2.15174,-0.60833,-0.08885,2.15174,1.8529,-0.34172,2.14794,1.8529,-0.34172,-2.14794,3.54885,-0.47007,0.,4.2542,0.89825,0.,3.9778,1.48332,0.88435,3.9778,1.48332,-0.88435,5.34328,0.7755,0.,3.87191,-1.04201,0.8789,3.87191,-1.04201,-0.8789,-2.66135,0.12081,0.","0.031507
,0.115633
,-0.146670
,-0.146670
,-0.167230
,-0.167230
,0.164861
,0.164861
,0.154477
,0.154477
,-0.366574
,-0.396035
,0.142158
,0.142158
,0.141589
,0.147986
,0.147986
,-0.117285
","-0.08544,-0.01997,-0.23070,-0.23070,-0.19918,-0.19918,0.22999,0.22999,0.21482,0.21482,-0.41506,-0.58956,0.20496,0.20496,0.20809,0.20971,0.20971,0.04275","25.7812000000,15.3467000000,31.3856000000,31.3856000000,33.3821000000,33.3821000000,23.8160000000,23.8160000000,23.9669000000,23.9669000000,151.5525000000,164.8958000000,30.8301000000,30.8301000000,30.5108000000,29.2168000000,29.2168000000,2064.6969000000",-0.29165,0.0073,2.4318,1265.566,-2884.438855
1-bromo-4-(trifluoromethyl)benzene,"C,C,C,C,C,C,H,H,H,H,C,F,F,F,Br","-1.32278,-0.00834,0.,1.45101,-0.03897,0.,-0.64057,-0.0168,-1.21621,-0.64057,-0.0168,1.21621,0.75316,-0.03164,1.21013,0.75316,-0.03164,-1.21013,-1.18658,-0.0151,-2.1529,-1.18658,-0.0151,2.1529,1.29617,-0.04569,2.14929,1.29617,-0.04569,-2.14929,2.95538,0.00345,0.,3.47427,-0.60268,-1.09043,3.41818,1.27528,0.,3.47427,-0.60268,1.09043,-3.23921,0.00962,0.","0.033999
,-0.012875
,-0.137423
,-0.137423
,-0.163017
,-0.163017
,0.174123
,0.174123
,0.176571
,0.176571
,0.504800
,-0.181253
,-0.175141
,-0.181253
,-0.088786
","-0.06820,-0.15689,-0.23190,-0.23190,-0.16743,-0.16743,0.23665,0.23665,0.23708,0.23708,0.97692,-0.32297,-0.32224,-0.32297,0.06752","16.8881000000,30.7453000000,31.0867000000,31.0867000000,36.2606000000,36.2606000000,23.6160000000,23.6160000000,23.4925000000,23.4925000000,49.9007000000,250.5195000000,223.9289000000,250.5195000000,2017.5465000000",-0.3205,-0.02178,1.253,1174.174,-3142.913175
